no,word
0,baca
1,baca
2,baca
3,jawab
4,jawab
5,baca
6,jawab
7,jawab
8,baca
9,baca
10,baca
11,baca
12,baca
13,jawab
14,jawab
15,abaikan
16,jawab
17,baca
18,abaikan
19,baca
20,baca
21,abaikan
22,baca
23,jawab
24,baca
25,baca
26,abaikan
27,abaikan
28,abaikan
29,abaikan
30,abaikan
31,abaikan
32,baca
33,abaikan
34,abaikan
35,abaikan
36,baca
37,abaikan
38,baca
39,baca
40,abaikan
41,abaikan
42,abaikan
43,abaikan
44,baca
45,abaikan
46,baca
47,abaikan
48,baca
49,baca
50,jawab
51,abaikan
52,baca
53,baca
54,baca
55,baca
56,baca
57,jawab
58,baca
59,jawab
60,baca
61,baca
62,baca
63,abaikan
64,abaikan
65,abaikan
66,baca
67,abaikan
68,abaikan
69,jawab
70,abaikan
71,abaikan
72,abaikan
73,abaikan
74,abaikan
75,jawab
76,abaikan
77,jawab
78,jawab
79,abaikan
80,abaikan
81,abaikan
82,abaikan
83,abaikan
84,abaikan
85,baca
86,abaikan
87,abaikan
88,abaikan
89,abaikan
90,abaikan
91,abaikan
92,jawab
93,jawab
94,jawab
95,jawab
96,abaikan
97,abaikan
98,jawab
99,abaikan
100,abaikan
101,jawab
102,baca
103,abaikan
104,abaikan
105,abaikan
106,jawab
107,jawab
108,jawab
109,jawab
110,abaikan
111,jawab
112,baca
113,abaikan
114,abaikan
115,jawab
116,abaikan
117,jawab
118,jawab
119,baca
120,jawab
121,baca
122,abaikan
123,jawab
124,abaikan
125,abaikan
126,jawab
127,jawab
128,abaikan
129,abaikan
130,abaikan
131,abaikan
132,baca
133,jawab
134,abaikan
135,abaikan
136,abaikan
137,abaikan
138,abaikan
139,abaikan
140,abaikan
141,abaikan
142,abaikan
143,abaikan
144,abaikan
145,abaikan
146,baca
147,baca
148,baca
149,baca
150,baca
151,baca
152,baca
153,baca
154,baca
155,baca
156,baca
157,baca
158,jawab
159,abaikan
160,baca
161,abaikan
162,baca
163,abaikan
164,baca
165,baca
166,baca
167,baca
168,abaikan
169,jawab
170,baca
171,baca
172,jawab
173,baca
174,baca
175,abaikan
176,baca
177,abaikan
178,abaikan
179,jawab
180,abaikan
181,abaikan
182,abaikan
183,baca
184,baca
185,abaikan
186,baca
187,baca
188,baca
189,abaikan
190,baca
191,baca
192,baca
193,jawab
194,baca
195,abaikan
196,baca
197,abaikan
198,jawab
199,abaikan
200,baca
201,abaikan
202,abaikan
203,abaikan
204,abaikan
205,baca
206,abaikan
207,abaikan
208,abaikan
209,abaikan
210,abaikan
211,baca
212,abaikan
213,abaikan
214,abaikan
215,abaikan
216,abaikan
217,abaikan
218,abaikan
219,abaikan
220,abaikan
221,jawab
222,baca
223,abaikan
224,abaikan
225,abaikan
226,baca
227,jawab
228,abaikan
229,abaikan
230,jawab
231,abaikan
232,abaikan
233,abaikan
234,abaikan
235,jawab
236,baca
237,abaikan
238,abaikan
239,abaikan
240,abaikan
241,baca
242,abaikan
243,abaikan
244,abaikan
245,abaikan
246,jawab
247,abaikan
248,abaikan
249,abaikan
250,abaikan
251,abaikan
252,baca
253,baca
254,baca
255,abaikan
256,baca
257,abaikan
258,baca
259,baca
260,baca
261,baca
262,baca
263,baca
264,abaikan
265,abaikan
266,abaikan
267,abaikan
268,jawab
269,jawab
270,baca
271,baca
272,baca
273,abaikan
274,jawab
275,abaikan
276,abaikan
277,abaikan
278,jawab
279,baca
280,jawab
281,abaikan
282,abaikan
283,abaikan
284,baca
285,baca
286,abaikan
287,abaikan
288,abaikan
289,abaikan
290,abaikan
291,jawab
292,abaikan
293,abaikan
294,abaikan
295,abaikan
296,jawab
297,abaikan
298,abaikan
299,abaikan
300,abaikan
301,abaikan
302,abaikan
303,abaikan
304,abaikan
305,abaikan
306,abaikan
307,abaikan
308,abaikan
309,baca
310,baca
311,abaikan
312,jawab
313,jawab
314,abaikan
315,abaikan
316,abaikan
317,jawab
318,baca
319,abaikan
320,abaikan
321,baca
322,abaikan
323,abaikan
324,abaikan
325,abaikan
326,abaikan
327,abaikan
328,jawab
329,baca
330,abaikan
331,jawab
332,baca
333,abaikan
334,abaikan
335,abaikan
336,jawab
337,abaikan
338,baca
339,abaikan
340,jawab
341,abaikan
342,baca
343,abaikan
344,abaikan
345,jawab
346,abaikan
347,baca
348,baca
349,abaikan
350,abaikan
351,baca
352,jawab
353,abaikan
354,baca
355,abaikan
356,abaikan
357,abaikan
358,abaikan
359,abaikan
360,abaikan
361,abaikan
362,baca
363,abaikan
364,abaikan
365,abaikan
366,abaikan
367,abaikan
368,abaikan
369,abaikan
370,abaikan
371,abaikan
372,abaikan
373,abaikan
374,jawab
375,abaikan
376,abaikan
377,abaikan
378,jawab
379,baca
380,jawab
381,abaikan
382,abaikan
383,abaikan
384,abaikan
385,baca
386,abaikan
387,baca
388,abaikan
389,abaikan
390,abaikan
391,abaikan
392,abaikan
393,abaikan
394,baca
395,abaikan
396,abaikan
397,abaikan
398,abaikan
399,abaikan
400,baca
401,abaikan
402,abaikan
403,abaikan
404,abaikan
405,abaikan
406,baca
407,abaikan
408,abaikan
409,abaikan
410,baca
411,abaikan
412,abaikan
413,abaikan
414,baca
415,abaikan
416,abaikan
417,abaikan
418,abaikan
419,abaikan
420,abaikan
421,abaikan
422,abaikan
423,abaikan
424,jawab
425,abaikan
426,abaikan
427,abaikan
428,baca
429,baca
430,abaikan
431,abaikan
432,abaikan
433,abaikan
434,baca
435,abaikan
436,abaikan
437,jawab
438,abaikan
439,abaikan
440,abaikan
441,abaikan
442,abaikan
443,jawab
444,jawab
445,abaikan
446,abaikan
447,baca
448,baca
449,abaikan
450,abaikan
451,jawab
452,baca
453,baca
454,abaikan
455,abaikan
456,abaikan
457,abaikan
458,abaikan
459,abaikan
460,abaikan
461,jawab
462,abaikan
463,baca
464,abaikan
465,abaikan
466,abaikan
467,abaikan
468,jawab
469,jawab
470,abaikan
471,abaikan
472,abaikan
473,abaikan
474,abaikan
475,jawab
476,jawab
477,abaikan
478,abaikan
479,abaikan
480,abaikan
481,abaikan
482,abaikan
483,baca
484,abaikan
485,abaikan
486,abaikan
487,abaikan
488,abaikan
489,abaikan
490,abaikan
491,abaikan
492,abaikan
493,abaikan
494,abaikan
495,abaikan
496,abaikan
497,jawab
498,baca
499,jawab
500,abaikan
501,abaikan
502,abaikan
503,abaikan
504,abaikan
505,abaikan
506,abaikan
507,abaikan
508,jawab
509,abaikan
510,abaikan
511,abaikan
512,abaikan
513,jawab
514,abaikan
515,jawab
516,baca
517,abaikan
518,abaikan
519,abaikan
520,jawab
521,jawab
522,jawab
523,abaikan
524,abaikan
525,abaikan
526,abaikan
527,baca
528,abaikan
529,abaikan
530,jawab
531,abaikan
532,abaikan
533,abaikan
534,abaikan
535,abaikan
536,abaikan
537,jawab
538,jawab
539,baca
540,baca
541,abaikan
542,baca
543,abaikan
544,baca
545,baca
546,baca
547,baca
548,baca
549,baca
550,baca
551,baca
552,baca
553,baca
554,baca
555,abaikan
556,baca
557,baca
558,abaikan
559,baca
560,baca
561,jawab
562,baca
563,baca
564,baca
565,baca
566,baca
567,baca
568,baca
569,abaikan
570,abaikan
571,abaikan
572,abaikan
573,jawab
574,jawab
575,baca
576,baca
577,baca
578,baca
579,abaikan
580,abaikan
581,abaikan
582,baca
583,abaikan
584,baca
585,baca
586,baca
587,abaikan
588,jawab
589,abaikan
590,abaikan
591,abaikan
592,baca
593,abaikan
594,baca
595,abaikan
596,baca
597,baca
598,baca
599,abaikan
600,baca
601,baca
602,baca
603,baca
604,abaikan
605,abaikan
606,abaikan
607,abaikan
608,baca
609,abaikan
610,abaikan
611,abaikan
612,abaikan
613,abaikan
614,abaikan
615,abaikan
616,abaikan
617,baca
618,abaikan
619,abaikan
620,abaikan
621,baca
622,abaikan
623,abaikan
624,abaikan
625,abaikan
626,baca
627,abaikan
628,jawab
629,abaikan
630,abaikan
631,jawab
632,abaikan
633,jawab
634,baca
635,jawab
636,baca
637,abaikan
638,abaikan
639,abaikan
640,abaikan
641,abaikan
642,abaikan
643,jawab
644,abaikan
645,abaikan
646,abaikan
647,abaikan
648,abaikan
649,abaikan
650,abaikan
651,abaikan
652,abaikan
653,abaikan
654,abaikan
655,abaikan
656,abaikan
657,abaikan
658,abaikan
659,abaikan
660,abaikan
661,abaikan
662,abaikan
663,abaikan
664,abaikan
665,baca
666,abaikan
667,abaikan
668,abaikan
669,abaikan
670,baca
671,baca
672,abaikan
673,abaikan
674,abaikan
675,abaikan
676,abaikan
677,jawab
678,abaikan
679,abaikan
680,abaikan
681,abaikan
682,baca
683,abaikan
684,abaikan
685,jawab
686,abaikan
687,abaikan
688,abaikan
689,abaikan
690,jawab
691,abaikan
692,abaikan
693,abaikan
694,abaikan
695,abaikan
696,abaikan
697,baca
698,baca
699,baca
700,abaikan
701,jawab
702,abaikan
703,abaikan
704,abaikan
705,abaikan
706,abaikan
707,abaikan
708,abaikan
709,abaikan
710,abaikan
711,abaikan
712,abaikan
713,abaikan
714,abaikan
715,abaikan
716,abaikan
717,abaikan
718,abaikan
719,abaikan
720,abaikan
721,abaikan
722,abaikan
723,abaikan
724,abaikan
725,abaikan
726,abaikan
727,abaikan
728,abaikan
729,abaikan
730,abaikan
731,abaikan
732,abaikan
733,abaikan
734,abaikan
735,abaikan
736,jawab
737,abaikan
738,abaikan
739,abaikan
740,abaikan
741,abaikan
742,abaikan
743,abaikan
744,abaikan
745,abaikan
746,abaikan
747,abaikan
748,baca
749,abaikan
750,abaikan
751,abaikan
752,abaikan
753,abaikan
754,abaikan
755,abaikan
756,abaikan
757,abaikan
758,abaikan
759,abaikan
760,abaikan
761,abaikan
762,abaikan
763,abaikan
764,abaikan
765,abaikan
766,abaikan
767,abaikan
768,baca
769,abaikan
770,abaikan
771,abaikan
772,abaikan
773,baca
774,jawab
775,baca
776,jawab
777,baca
778,abaikan
779,abaikan
780,abaikan
781,jawab
782,abaikan
783,abaikan
784,jawab
785,baca
786,jawab
787,abaikan
788,baca
789,abaikan
790,abaikan
791,abaikan
792,jawab
793,abaikan
794,abaikan
795,abaikan
796,abaikan
797,abaikan
798,abaikan
799,abaikan
800,abaikan
801,abaikan
802,abaikan
803,abaikan
804,jawab
805,jawab
806,abaikan
807,jawab
808,jawab
809,abaikan
810,jawab
811,baca
812,baca
813,abaikan
814,abaikan
815,jawab
816,baca
817,abaikan
818,abaikan
819,jawab
820,abaikan
821,baca
822,abaikan
823,baca
824,baca
825,abaikan
826,abaikan
827,abaikan
828,baca
829,baca
830,abaikan
831,abaikan
832,abaikan
833,abaikan
834,jawab
835,abaikan
836,abaikan
837,baca
838,abaikan
839,baca
840,baca
841,baca
842,baca
843,abaikan
844,abaikan
845,abaikan
846,abaikan
847,abaikan
848,abaikan
849,abaikan
850,abaikan
851,abaikan
852,abaikan
853,abaikan
854,baca
855,baca
856,abaikan
857,abaikan
858,abaikan
859,abaikan
860,abaikan
861,abaikan
862,abaikan
863,abaikan
864,jawab
865,abaikan
866,abaikan
867,baca
868,baca
869,baca
870,jawab
871,abaikan
872,abaikan
873,abaikan
874,abaikan
875,abaikan
876,abaikan
877,jawab
878,abaikan
879,abaikan
880,abaikan
881,baca
882,abaikan
883,jawab
884,baca
885,baca
886,abaikan
887,baca
888,baca
889,baca
890,baca
891,jawab
892,baca
893,baca
894,baca
895,abaikan
896,baca
897,abaikan
898,abaikan
899,abaikan
900,jawab
901,baca
902,jawab
903,abaikan
904,baca
905,abaikan
906,abaikan
907,abaikan
908,abaikan
909,abaikan
910,baca
911,baca
912,jawab
913,baca
914,abaikan
915,jawab
916,abaikan
917,abaikan
918,jawab
919,jawab
920,abaikan
921,abaikan
922,abaikan
923,baca
924,baca
925,abaikan
926,abaikan
927,abaikan
928,baca
929,abaikan
930,jawab
931,abaikan
932,jawab
933,abaikan
934,jawab
935,baca
936,abaikan
937,abaikan
938,abaikan
939,abaikan
940,abaikan
941,baca
942,jawab
943,abaikan
944,baca
945,jawab
946,baca
947,abaikan
948,baca
949,baca
950,abaikan
951,baca
952,baca
953,abaikan
954,abaikan
955,jawab
956,baca
957,abaikan
958,abaikan
959,jawab
960,abaikan
961,baca
962,baca
963,baca
964,abaikan
965,baca
966,baca
967,jawab
968,jawab
969,baca
970,abaikan
971,baca
972,abaikan
973,jawab
974,baca
975,jawab
976,abaikan
977,jawab
978,baca
979,abaikan
980,abaikan
981,baca
982,jawab
983,jawab
984,abaikan
985,jawab
986,abaikan
987,abaikan
988,jawab
989,baca
990,abaikan
991,abaikan
992,baca
993,abaikan
994,baca
995,jawab
996,baca
997,abaikan
998,baca
999,abaikan
1000,abaikan
1001,abaikan
1002,abaikan
1003,jawab
1004,abaikan
1005,abaikan
1006,abaikan
1007,abaikan
1008,abaikan
1009,abaikan
1010,abaikan
1011,abaikan
1012,abaikan
1013,jawab
1014,abaikan
1015,abaikan
1016,jawab
1017,abaikan
1018,baca
1019,baca
1020,abaikan
1021,abaikan
1022,baca
1023,baca
1024,abaikan
1025,jawab
1026,abaikan
1027,abaikan
1028,baca
1029,baca
1030,abaikan
1031,abaikan
1032,jawab
1033,abaikan
1034,abaikan
1035,jawab
1036,abaikan
1037,abaikan
1038,jawab
1039,abaikan
1040,abaikan
1041,jawab
1042,abaikan
1043,abaikan
1044,jawab
1045,abaikan
1046,baca
1047,abaikan
1048,abaikan
1049,abaikan
1050,jawab
1051,jawab
1052,abaikan
1053,abaikan
1054,abaikan
1055,baca
1056,baca
1057,jawab
1058,abaikan
1059,abaikan
1060,abaikan
1061,baca
1062,abaikan
1063,abaikan
1064,abaikan
1065,jawab
1066,abaikan
1067,abaikan
1068,baca
1069,abaikan
1070,abaikan
1071,jawab
1072,abaikan
1073,jawab
1074,abaikan
1075,abaikan
1076,abaikan
1077,abaikan
1078,abaikan
1079,abaikan
1080,baca
1081,abaikan
1082,baca
1083,baca
1084,abaikan
1085,baca
1086,baca
1087,baca
1088,baca
1089,jawab
1090,jawab
1091,abaikan
1092,abaikan
1093,baca
1094,abaikan
1095,abaikan
1096,abaikan
1097,baca
1098,baca
1099,abaikan
1100,jawab
1101,baca
1102,baca
1103,jawab
1104,baca
1105,abaikan
1106,abaikan
1107,abaikan
1108,abaikan
1109,abaikan
1110,baca
1111,abaikan
1112,baca
1113,abaikan
1114,abaikan
1115,baca
1116,abaikan
1117,abaikan
1118,abaikan
1119,abaikan
1120,baca
1121,abaikan
1122,abaikan
1123,abaikan
1124,abaikan
1125,abaikan
1126,baca
1127,baca
1128,baca
1129,abaikan
1130,baca
1131,baca
1132,baca
1133,baca
1134,baca
1135,baca
1136,baca
1137,baca
1138,baca
1139,baca
1140,baca
1141,baca
1142,baca
1143,baca
1144,baca
1145,jawab
1146,baca
1147,baca
1148,baca
1149,abaikan
1150,jawab
1151,abaikan
1152,abaikan
1153,abaikan
1154,baca
1155,baca
1156,abaikan
1157,abaikan
1158,abaikan
1159,abaikan
1160,abaikan
1161,abaikan
1162,abaikan
1163,jawab
1164,abaikan
1165,jawab
1166,abaikan
1167,baca
1168,abaikan
1169,abaikan
1170,baca
1171,abaikan
1172,jawab
1173,jawab
1174,abaikan
1175,abaikan
1176,abaikan
1177,jawab
1178,jawab
1179,jawab
1180,baca
1181,jawab
1182,jawab
1183,jawab
1184,abaikan
1185,jawab
1186,jawab
1187,jawab
1188,jawab
1189,jawab
1190,jawab
1191,jawab
1192,jawab
1193,jawab
1194,jawab
1195,jawab
1196,jawab
1197,jawab
1198,jawab
1199,jawab
1200,jawab
1201,jawab
1202,abaikan
1203,jawab
1204,abaikan
1205,abaikan
1206,jawab
1207,jawab
1208,jawab
1209,jawab
1210,jawab
1211,jawab
1212,jawab
1213,jawab
1214,jawab
1215,jawab
1216,jawab
1217,jawab
1218,jawab
1219,jawab
1220,baca
1221,jawab
1222,jawab
1223,jawab
1224,jawab
1225,jawab
1226,jawab
1227,jawab
1228,jawab
1229,abaikan
1230,jawab
1231,abaikan
1232,jawab
1233,abaikan
1234,jawab
1235,jawab
1236,jawab
1237,jawab
1238,jawab
1239,abaikan
1240,jawab
1241,jawab
1242,jawab
1243,abaikan
1244,abaikan
1245,abaikan
1246,abaikan
1247,abaikan
1248,abaikan
1249,jawab
1250,abaikan
1251,abaikan
1252,abaikan
1253,jawab
1254,jawab
1255,jawab
1256,jawab
1257,abaikan
1258,abaikan
1259,jawab
1260,abaikan
1261,abaikan
1262,jawab
1263,jawab
1264,jawab
1265,abaikan
1266,jawab
1267,jawab
1268,jawab
1269,baca
1270,baca
1271,jawab
1272,jawab
1273,jawab
1274,jawab
1275,jawab
1276,jawab
1277,abaikan
1278,abaikan
1279,jawab
1280,jawab
1281,jawab
1282,jawab
1283,jawab
1284,jawab
1285,jawab
1286,jawab
1287,jawab
1288,abaikan
1289,jawab
1290,jawab
1291,abaikan
1292,jawab
1293,jawab
1294,jawab
1295,jawab
1296,jawab
1297,jawab
1298,jawab
1299,baca
1300,baca
1301,jawab
1302,baca
1303,baca
1304,abaikan
1305,jawab
1306,jawab
1307,abaikan
1308,jawab
1309,baca
1310,baca
1311,baca
1312,baca
1313,baca
1314,baca
1315,baca
1316,jawab
1317,baca
1318,abaikan
1319,baca
1320,jawab
1321,jawab
1322,baca
1323,jawab
1324,jawab
1325,baca
1326,jawab
1327,jawab
1328,baca
1329,jawab
1330,baca
1331,abaikan
1332,abaikan
1333,baca
1334,baca
1335,jawab
1336,abaikan
1337,jawab
1338,jawab
1339,jawab
1340,jawab
1341,jawab
1342,jawab
1343,baca
1344,jawab
1345,jawab
1346,abaikan
1347,baca
1348,baca
1349,jawab
1350,jawab
1351,abaikan
1352,jawab
1353,jawab
1354,jawab
1355,jawab
1356,baca
1357,jawab
1358,abaikan
1359,abaikan
1360,jawab
1361,jawab
1362,jawab
1363,abaikan
1364,jawab
1365,jawab
1366,jawab
1367,jawab
1368,jawab
1369,jawab
1370,jawab
1371,baca
1372,baca
1373,jawab
1374,jawab
1375,baca
1376,jawab
1377,baca
1378,jawab
1379,jawab
1380,jawab
1381,jawab
1382,abaikan
1383,jawab
1384,jawab
1385,jawab
1386,jawab
1387,jawab
1388,abaikan
1389,jawab
1390,jawab
1391,jawab
1392,jawab
1393,abaikan
1394,abaikan
1395,baca
1396,abaikan
1397,jawab
1398,jawab
1399,jawab
1400,jawab
1401,jawab
1402,jawab
1403,jawab
1404,jawab
1405,jawab
1406,jawab
1407,jawab
1408,jawab
1409,jawab
1410,baca
1411,jawab
1412,baca
1413,abaikan
1414,abaikan
1415,jawab
1416,jawab
1417,jawab
1418,jawab
1419,jawab
1420,jawab
1421,abaikan
1422,abaikan
1423,abaikan
1424,jawab
1425,abaikan
1426,abaikan
1427,abaikan
1428,jawab
1429,jawab
1430,jawab
1431,jawab
1432,jawab
1433,jawab
1434,jawab
1435,jawab
1436,abaikan
1437,jawab
1438,jawab
1439,jawab
1440,jawab
1441,jawab
1442,jawab
1443,jawab
1444,jawab
1445,jawab
1446,baca
1447,jawab
1448,jawab
1449,jawab
1450,jawab
1451,jawab
1452,abaikan
1453,jawab
1454,jawab
1455,jawab
1456,jawab
1457,jawab
1458,abaikan
1459,abaikan
1460,abaikan
1461,jawab
1462,jawab
1463,jawab
1464,jawab
1465,jawab
1466,jawab
1467,jawab
1468,abaikan
1469,jawab
1470,jawab
1471,jawab
1472,abaikan
1473,jawab
1474,jawab
1475,abaikan
1476,jawab
1477,jawab
1478,jawab
1479,jawab
1480,jawab
1481,jawab
1482,jawab
1483,jawab
1484,abaikan
1485,jawab
1486,jawab
1487,jawab
1488,jawab
1489,jawab
1490,baca
1491,abaikan
1492,jawab
1493,jawab
1494,baca
1495,jawab
1496,jawab
1497,jawab
1498,jawab
1499,abaikan
1500,abaikan
1501,abaikan
1502,abaikan
1503,jawab
1504,abaikan
1505,jawab
1506,jawab
1507,jawab
1508,abaikan
1509,jawab
1510,jawab
1511,jawab
1512,jawab
1513,jawab
1514,jawab
1515,abaikan
1516,abaikan
1517,baca
1518,baca
1519,jawab
1520,jawab
1521,jawab
1522,jawab
1523,jawab
1524,jawab
1525,jawab
1526,jawab
1527,jawab
1528,abaikan
1529,abaikan
1530,abaikan
1531,abaikan
1532,jawab
1533,jawab
1534,baca
1535,jawab
1536,jawab
1537,jawab
1538,jawab
1539,abaikan
1540,jawab
1541,baca
1542,abaikan
1543,jawab
1544,baca
1545,abaikan
1546,abaikan
1547,abaikan
1548,jawab
1549,abaikan
1550,jawab
1551,jawab
1552,jawab
1553,jawab
1554,abaikan
1555,abaikan
1556,abaikan
1557,jawab
1558,baca
1559,jawab
1560,abaikan
1561,abaikan
1562,jawab
1563,abaikan
1564,jawab
1565,jawab
1566,jawab
1567,jawab
1568,jawab
1569,jawab
1570,jawab
1571,baca
1572,jawab
1573,jawab
1574,jawab
1575,baca
1576,abaikan
1577,baca
1578,abaikan
1579,jawab
1580,jawab
1581,abaikan
1582,abaikan
1583,abaikan
1584,abaikan
1585,abaikan
1586,baca
1587,abaikan
1588,jawab
1589,jawab
1590,jawab
1591,baca
1592,jawab
1593,abaikan
1594,abaikan
1595,jawab
1596,abaikan
1597,jawab
1598,abaikan
1599,abaikan
1600,jawab
1601,abaikan
1602,jawab
1603,jawab
1604,abaikan
1605,abaikan
1606,abaikan
1607,abaikan
1608,jawab
1609,jawab
1610,baca
1611,baca
1612,baca
1613,abaikan
1614,baca
1615,abaikan
1616,abaikan
1617,abaikan
1618,jawab
1619,baca
1620,abaikan
1621,abaikan
1622,baca
1623,baca
1624,abaikan
1625,abaikan
1626,abaikan
1627,abaikan
1628,jawab
1629,jawab
1630,jawab
1631,baca
1632,baca
1633,jawab
1634,jawab
1635,jawab
1636,abaikan
1637,jawab
1638,abaikan
1639,jawab
1640,baca
1641,jawab
1642,jawab
1643,jawab
1644,abaikan
1645,abaikan
1646,abaikan
1647,abaikan
1648,abaikan
1649,abaikan
1650,jawab
1651,jawab
1652,abaikan
1653,jawab
1654,jawab
1655,jawab
1656,abaikan
1657,abaikan
1658,abaikan
1659,abaikan
1660,jawab
1661,baca
1662,jawab
1663,jawab
1664,abaikan
1665,abaikan
1666,baca
1667,jawab
1668,baca
1669,jawab
1670,baca
1671,jawab
1672,abaikan
1673,jawab
1674,jawab
1675,abaikan
1676,jawab
1677,jawab
1678,abaikan
1679,abaikan
1680,baca
1681,jawab
1682,abaikan
1683,jawab
1684,baca
1685,jawab
1686,abaikan
1687,abaikan
1688,abaikan
1689,jawab
1690,jawab
1691,abaikan
1692,jawab
1693,abaikan
1694,jawab
1695,jawab
1696,jawab
1697,abaikan
1698,jawab
1699,jawab
1700,abaikan
1701,abaikan
1702,abaikan
1703,baca
1704,abaikan
1705,jawab
1706,abaikan
1707,abaikan
1708,jawab
1709,jawab
1710,jawab
1711,jawab
1712,abaikan
1713,jawab
1714,abaikan
1715,jawab
1716,baca
1717,jawab
1718,baca
1719,abaikan
1720,jawab
1721,jawab
1722,abaikan
1723,baca
1724,jawab
1725,abaikan
1726,baca
1727,abaikan
1728,jawab
1729,baca
1730,jawab
1731,baca
1732,jawab
1733,jawab
1734,jawab
1735,abaikan
1736,jawab
1737,abaikan
1738,jawab
1739,jawab
1740,abaikan
1741,jawab
1742,jawab
1743,baca
1744,jawab
1745,baca
1746,jawab
1747,baca
1748,jawab
1749,baca
1750,jawab
1751,jawab
1752,jawab
1753,jawab
1754,jawab
1755,baca
1756,jawab
1757,jawab
1758,baca
1759,jawab
1760,baca
1761,jawab
1762,baca
1763,baca
1764,abaikan
1765,jawab
1766,baca
1767,jawab
1768,jawab
1769,jawab
1770,jawab
1771,jawab
1772,jawab
1773,abaikan
1774,abaikan
1775,abaikan
1776,jawab
1777,abaikan
1778,jawab
1779,jawab
1780,jawab
1781,jawab
1782,jawab
1783,abaikan
1784,jawab
1785,jawab
1786,abaikan
1787,jawab
1788,jawab
1789,jawab
1790,jawab
1791,abaikan
1792,abaikan
1793,baca
1794,baca
1795,jawab
1796,baca
1797,baca
1798,jawab
1799,jawab
1800,baca
1801,jawab
1802,baca
1803,baca
1804,jawab
1805,jawab
1806,abaikan
1807,jawab
1808,jawab
1809,jawab
1810,jawab
1811,jawab
1812,jawab
1813,jawab
1814,baca
1815,jawab
1816,abaikan
1817,jawab
1818,abaikan
1819,baca
1820,jawab
1821,jawab
1822,baca
1823,baca
1824,jawab
1825,abaikan
1826,jawab
1827,abaikan
1828,abaikan
1829,baca
1830,abaikan
1831,abaikan
1832,abaikan
1833,abaikan
1834,abaikan
1835,jawab
1836,abaikan
1837,jawab
1838,jawab
1839,jawab
1840,jawab
1841,jawab
1842,jawab
1843,jawab
1844,abaikan
1845,abaikan
1846,abaikan
1847,jawab
1848,jawab
1849,abaikan
1850,jawab
1851,jawab
1852,abaikan
1853,jawab
1854,jawab
1855,abaikan
1856,abaikan
1857,abaikan
1858,abaikan
1859,abaikan
1860,abaikan
1861,abaikan
1862,abaikan
1863,jawab
1864,abaikan
1865,abaikan
1866,jawab
1867,abaikan
1868,abaikan
1869,jawab
1870,jawab
1871,jawab
1872,abaikan
1873,jawab
1874,baca
1875,jawab
1876,abaikan
1877,jawab
1878,abaikan
1879,abaikan
1880,abaikan
1881,jawab
1882,abaikan
1883,abaikan
1884,abaikan
1885,baca
1886,abaikan
1887,baca
1888,baca
1889,jawab
1890,baca
1891,jawab
1892,abaikan
1893,abaikan
1894,abaikan
1895,jawab
1896,jawab
1897,abaikan
1898,abaikan
1899,jawab
1900,jawab
1901,abaikan
1902,abaikan
1903,jawab
1904,baca
1905,baca
1906,abaikan
1907,baca
1908,abaikan
1909,baca
1910,baca
1911,jawab
1912,abaikan
1913,jawab
1914,abaikan
1915,jawab
1916,baca
1917,abaikan
1918,abaikan
1919,jawab
1920,abaikan
1921,jawab
1922,abaikan
1923,jawab
1924,baca
1925,baca
1926,abaikan
1927,abaikan
1928,abaikan
1929,abaikan
1930,abaikan
1931,abaikan
1932,abaikan
1933,abaikan
1934,abaikan
1935,abaikan
1936,abaikan
1937,baca
1938,jawab
1939,abaikan
1940,jawab
1941,abaikan
1942,abaikan
1943,jawab
1944,jawab
1945,baca
1946,baca
1947,jawab
1948,baca
1949,jawab
1950,jawab
1951,baca
1952,jawab
1953,jawab
1954,abaikan
1955,jawab
1956,jawab
1957,jawab
1958,jawab
1959,jawab
1960,jawab
1961,jawab
1962,jawab
1963,jawab
1964,jawab
1965,baca
1966,baca
1967,jawab
1968,jawab
1969,jawab
1970,jawab
1971,baca
1972,baca
1973,jawab
1974,baca
1975,jawab
1976,jawab
1977,jawab
1978,baca
1979,jawab
1980,jawab
1981,jawab
1982,jawab
1983,abaikan
1984,abaikan
1985,abaikan
1986,jawab
1987,jawab
1988,abaikan
1989,abaikan
1990,abaikan
1991,abaikan
1992,jawab
1993,jawab
1994,abaikan
1995,abaikan
1996,jawab
1997,jawab
1998,jawab
1999,abaikan
2000,baca
2001,baca
2002,jawab
2003,jawab
2004,jawab
2005,baca
2006,baca
2007,jawab
2008,jawab
2009,baca
2010,jawab
2011,jawab
2012,jawab
2013,abaikan
2014,abaikan
2015,baca
2016,jawab
2017,jawab
2018,abaikan
2019,abaikan
2020,baca
2021,abaikan
2022,abaikan
2023,abaikan
2024,baca
2025,baca
2026,jawab
2027,baca
2028,jawab
2029,baca
2030,baca
2031,baca
2032,abaikan
2033,abaikan
2034,abaikan
2035,abaikan
2036,abaikan
2037,abaikan
2038,abaikan
2039,jawab
2040,abaikan
2041,abaikan
2042,jawab
2043,baca
2044,jawab
2045,abaikan
2046,jawab
2047,abaikan
2048,abaikan
2049,abaikan
2050,jawab
2051,jawab
2052,jawab
2053,jawab
2054,abaikan
2055,baca
2056,jawab
2057,abaikan
2058,jawab
2059,jawab
2060,jawab
2061,abaikan
2062,abaikan
2063,jawab
2064,jawab
2065,jawab
2066,abaikan
2067,abaikan
2068,jawab
2069,abaikan
2070,abaikan
2071,abaikan
2072,baca
2073,jawab
2074,baca
2075,abaikan
2076,abaikan
2077,jawab
2078,jawab
2079,abaikan
2080,baca
2081,abaikan
2082,abaikan
2083,baca
2084,abaikan
2085,baca
2086,baca
2087,baca
2088,abaikan
2089,abaikan
2090,abaikan
2091,baca
2092,jawab
2093,abaikan
2094,abaikan
2095,abaikan
2096,abaikan
2097,abaikan
2098,baca
2099,baca
2100,baca
2101,abaikan
2102,baca
2103,abaikan
2104,baca
2105,baca
2106,baca
2107,abaikan
2108,baca
2109,abaikan
2110,baca
2111,abaikan
2112,abaikan
2113,abaikan
2114,abaikan
2115,baca
2116,baca
2117,jawab
2118,abaikan
2119,abaikan
2120,abaikan
2121,abaikan
2122,abaikan
2123,abaikan
2124,abaikan
2125,abaikan
2126,abaikan
2127,abaikan
2128,abaikan
2129,abaikan
2130,abaikan
2131,abaikan
2132,jawab
2133,jawab
2134,abaikan
2135,abaikan
2136,abaikan
2137,jawab
2138,abaikan
2139,abaikan
2140,jawab
2141,jawab
2142,abaikan
2143,jawab
2144,jawab
2145,jawab
2146,jawab
2147,jawab
2148,jawab
2149,jawab
2150,abaikan
2151,baca
2152,jawab
2153,jawab
2154,abaikan
2155,abaikan
2156,baca
2157,baca
2158,jawab
2159,jawab
2160,jawab
2161,jawab
2162,jawab
2163,jawab
2164,jawab
2165,jawab
2166,abaikan
2167,jawab
2168,baca
2169,jawab
2170,jawab
2171,baca
2172,abaikan
2173,jawab
2174,abaikan
2175,baca
2176,baca
2177,jawab
2178,jawab
2179,abaikan
2180,jawab
2181,baca
2182,jawab
2183,jawab
2184,baca
2185,jawab
2186,jawab
2187,jawab
2188,jawab
2189,abaikan
2190,jawab
2191,jawab
2192,jawab
2193,jawab
2194,jawab
2195,baca
2196,jawab
2197,jawab
2198,jawab
2199,baca
2200,baca
2201,jawab
2202,baca
2203,jawab
2204,baca
2205,jawab
2206,abaikan
2207,jawab
2208,jawab
2209,baca
2210,jawab
2211,jawab
2212,baca
2213,jawab
2214,jawab
2215,jawab
2216,abaikan
2217,jawab
2218,jawab
2219,jawab
2220,jawab
2221,jawab
2222,baca
2223,abaikan
2224,jawab
2225,abaikan
2226,jawab
2227,jawab
2228,jawab
2229,abaikan
2230,abaikan
2231,abaikan
2232,abaikan
2233,jawab
2234,baca
2235,jawab
2236,jawab
2237,jawab
2238,jawab
2239,jawab
2240,baca
2241,jawab
2242,abaikan
2243,jawab
2244,jawab
2245,baca
2246,baca
2247,baca
2248,baca
2249,baca
2250,baca
2251,jawab
2252,jawab
2253,baca
2254,jawab
2255,abaikan
2256,abaikan
2257,jawab
2258,abaikan
2259,jawab
2260,abaikan
2261,jawab
2262,abaikan
2263,jawab
2264,jawab
2265,baca
2266,jawab
2267,abaikan
2268,baca
2269,baca
2270,baca
2271,baca
2272,jawab
2273,jawab
2274,jawab
2275,abaikan
2276,baca
2277,baca
2278,jawab
2279,baca
2280,jawab
2281,jawab
2282,jawab
2283,jawab
2284,jawab
2285,jawab
2286,abaikan
2287,baca
2288,jawab
2289,jawab
2290,jawab
2291,baca
2292,jawab
2293,baca
2294,jawab
2295,jawab
2296,baca
2297,baca
2298,jawab
2299,baca
2300,abaikan
2301,baca
2302,jawab
2303,abaikan
2304,abaikan
2305,baca
2306,abaikan
2307,baca
2308,abaikan
2309,jawab
2310,baca
2311,jawab
2312,baca
2313,baca
2314,baca
2315,jawab
2316,jawab
2317,baca
2318,baca
2319,jawab
2320,baca
2321,abaikan
2322,jawab
2323,abaikan
2324,abaikan
2325,jawab
2326,jawab
2327,jawab
2328,jawab
2329,jawab
2330,jawab
2331,jawab
2332,jawab
2333,jawab
2334,abaikan
2335,baca
2336,abaikan
2337,jawab
2338,jawab
2339,jawab
2340,jawab
2341,jawab
2342,baca
2343,abaikan
2344,jawab
2345,jawab
2346,abaikan
2347,abaikan
2348,baca
2349,baca
2350,jawab
2351,jawab
2352,baca
2353,baca
2354,baca
2355,jawab
2356,abaikan
2357,baca
2358,jawab
2359,jawab
2360,abaikan
2361,baca
2362,jawab
2363,baca
2364,jawab
2365,baca
2366,jawab
2367,baca
2368,jawab
2369,abaikan
2370,abaikan
2371,abaikan
2372,jawab
2373,abaikan
2374,abaikan
2375,abaikan
2376,baca
2377,jawab
2378,baca
2379,abaikan
2380,abaikan
2381,jawab
2382,baca
2383,jawab
2384,jawab
2385,jawab
2386,baca
2387,abaikan
2388,baca
2389,baca
2390,baca
2391,baca
2392,abaikan
2393,baca
2394,abaikan
2395,baca
2396,jawab
2397,jawab
2398,abaikan
2399,abaikan
2400,abaikan
2401,abaikan
2402,abaikan
2403,baca
2404,baca
2405,jawab
2406,baca
2407,baca
2408,jawab
2409,jawab
2410,abaikan
2411,abaikan
2412,abaikan
2413,jawab
2414,baca
2415,jawab
2416,abaikan
2417,jawab
2418,jawab
2419,abaikan
2420,abaikan
2421,jawab
2422,jawab
2423,jawab
2424,baca
2425,baca
2426,baca
2427,jawab
2428,jawab
2429,jawab
2430,jawab
2431,abaikan
2432,abaikan
2433,jawab
2434,abaikan
2435,jawab
2436,abaikan
2437,jawab
2438,abaikan
2439,baca
2440,abaikan
2441,abaikan
2442,abaikan
2443,baca
2444,abaikan
2445,abaikan
2446,jawab
2447,jawab
2448,jawab
2449,jawab
2450,abaikan
2451,abaikan
2452,jawab
2453,jawab
2454,jawab
2455,abaikan
2456,abaikan
2457,abaikan
2458,baca
2459,jawab
2460,jawab
2461,baca
2462,abaikan
2463,jawab
2464,jawab
2465,jawab
2466,jawab
2467,jawab
2468,jawab
2469,jawab
2470,baca
2471,abaikan
2472,baca
2473,jawab
2474,jawab
2475,abaikan
2476,baca
2477,baca
2478,abaikan
2479,baca
2480,abaikan
2481,baca
2482,baca
2483,abaikan
2484,abaikan
2485,abaikan
2486,abaikan
2487,abaikan
2488,jawab
2489,abaikan
2490,baca
2491,abaikan
2492,baca
2493,abaikan
2494,abaikan
2495,abaikan
2496,abaikan
2497,baca
2498,jawab
2499,abaikan
2500,abaikan
2501,baca
2502,baca
2503,abaikan
2504,baca
2505,abaikan
2506,abaikan
2507,abaikan
2508,abaikan
2509,jawab
2510,jawab
2511,abaikan
2512,baca
2513,jawab
2514,abaikan
2515,abaikan
2516,abaikan
2517,abaikan
2518,baca
2519,jawab
2520,jawab
2521,abaikan
2522,jawab
2523,baca
2524,jawab
2525,abaikan
2526,abaikan
2527,baca
2528,abaikan
2529,jawab
2530,abaikan
2531,abaikan
2532,jawab
2533,jawab
2534,jawab
2535,abaikan
2536,abaikan
2537,abaikan
2538,abaikan
2539,abaikan
2540,abaikan
2541,abaikan
2542,abaikan
2543,abaikan
2544,abaikan
2545,abaikan
2546,abaikan
2547,jawab
2548,jawab
2549,jawab
2550,jawab
2551,jawab
2552,jawab
2553,abaikan
2554,abaikan
2555,jawab
2556,jawab
2557,abaikan
2558,jawab
2559,jawab
2560,jawab
2561,jawab
2562,jawab
2563,abaikan
2564,jawab
2565,jawab
2566,jawab
2567,abaikan
2568,abaikan
2569,abaikan
2570,abaikan
2571,baca
2572,abaikan
2573,abaikan
2574,abaikan
2575,abaikan
2576,abaikan
2577,abaikan
2578,baca
2579,baca
2580,baca
2581,abaikan
2582,jawab
2583,jawab
2584,abaikan
2585,abaikan
2586,abaikan
2587,jawab
2588,abaikan
2589,abaikan
2590,abaikan
2591,abaikan
2592,abaikan
2593,jawab
2594,abaikan
2595,abaikan
2596,abaikan
2597,abaikan
2598,baca
2599,baca
2600,abaikan
2601,abaikan
2602,abaikan
2603,abaikan
2604,abaikan
2605,abaikan
2606,abaikan
2607,baca
2608,abaikan
2609,baca
2610,abaikan
2611,abaikan
2612,abaikan
2613,abaikan
2614,abaikan
2615,abaikan
2616,abaikan
2617,abaikan
2618,abaikan
2619,jawab
2620,jawab
2621,jawab
2622,abaikan
2623,baca
2624,abaikan
2625,jawab
2626,abaikan
2627,jawab
2628,jawab
2629,abaikan
2630,baca
2631,abaikan
2632,abaikan
2633,baca
2634,abaikan
2635,jawab
2636,baca
2637,abaikan
2638,abaikan
2639,abaikan
2640,jawab
2641,jawab
2642,abaikan
2643,jawab
2644,jawab
2645,abaikan
2646,jawab
2647,baca
2648,abaikan
2649,baca
2650,baca
2651,baca
2652,jawab
2653,baca
2654,jawab
2655,jawab
2656,abaikan
2657,jawab
2658,baca
2659,baca
2660,jawab
2661,jawab
2662,jawab
2663,baca
2664,baca
2665,abaikan
2666,abaikan
2667,baca
2668,baca
2669,baca
2670,jawab
2671,baca
2672,baca
2673,jawab
2674,abaikan
2675,abaikan
2676,jawab
2677,jawab
2678,baca
2679,jawab
2680,jawab
2681,jawab
2682,abaikan
2683,jawab
2684,jawab
2685,jawab
2686,abaikan
2687,abaikan
2688,jawab
2689,abaikan
2690,jawab
2691,jawab
2692,jawab
2693,jawab
2694,jawab
2695,abaikan
2696,baca
2697,jawab
2698,jawab
2699,abaikan
2700,baca
2701,jawab
2702,baca
2703,jawab
2704,abaikan
2705,jawab
2706,jawab
2707,jawab
2708,baca
2709,jawab
2710,baca
2711,jawab
2712,baca
2713,jawab
2714,jawab
2715,baca
2716,baca
2717,jawab
2718,jawab
2719,jawab
2720,jawab
2721,jawab
2722,abaikan
2723,abaikan
2724,jawab
2725,abaikan
2726,jawab
2727,baca
2728,abaikan
2729,abaikan
2730,abaikan
2731,baca
2732,abaikan
2733,baca
2734,baca
2735,baca
2736,jawab
2737,baca
2738,jawab
2739,jawab
2740,abaikan
2741,abaikan
2742,jawab
2743,abaikan
2744,abaikan
2745,jawab
2746,baca
2747,baca
2748,jawab
2749,baca
2750,abaikan
2751,jawab
2752,abaikan
2753,abaikan
2754,abaikan
2755,abaikan
2756,baca
2757,jawab
2758,jawab
2759,jawab
2760,jawab
2761,jawab
2762,jawab
2763,abaikan
2764,jawab
2765,jawab
2766,jawab
2767,abaikan
2768,jawab
2769,jawab
2770,abaikan
2771,baca
2772,jawab
2773,jawab
2774,abaikan
2775,jawab
2776,jawab
2777,baca
2778,baca
2779,baca
2780,jawab
2781,jawab
2782,jawab
2783,jawab
2784,baca
2785,baca
2786,jawab
2787,baca
2788,baca
2789,jawab
2790,baca
2791,baca
2792,baca
2793,abaikan
2794,baca
2795,abaikan
2796,jawab
2797,baca
2798,jawab
2799,jawab
2800,jawab
2801,jawab
2802,abaikan
2803,jawab
2804,abaikan
2805,abaikan
2806,baca
2807,baca
2808,jawab
2809,jawab
