no,word,
0,0,
1,0,
2,0,
3,1,
4,2,
5,3,
6,4,
7,5,
8,6,
9,6,
10,7,
11,8,
12,8,
13,9,
14,9,
15,10,
16,11,
17,13,
18,14,
19,15,
20,17,
21,19,
22,20,
23,31,
24,35,
25,36,
26,37,
27,38,
28,39,
29,40,
30,41,
31,43,
32,45,
33,46,
34,50,
35,70,
36,75,
37,80,
38,81,
39,86,
40,89,
41,95,
42,99,
43,104,
44,106,
45,115,
46,130,
47,135,
48,150,
49,185,
50,190,
51,259,
52,790,
53,864,
54,2015,
55,2017,
56,8125,
57,8885,
58,8950,
59,8133729,
60,40003365,
61,400034883,
62,815678844,
63,8950071911,
64,_,
65,__,
66,_emoticon_,
67,_hashtag_,
68,_mentionpemilik_,
69,_mentionteman_,
70,_tanda_seru_,
71,_tanda_tanya_,
72,_tanda_titik_,
73,_url_,
74,-,
75,;,
76,:,
77,',
78,'m,
79,'s,
80,"""",
81,(,
82,),
83,[,
84,],
85,*,
86,/,
87,\,
88,&,
89,#,
90,%,
91,^,
92,+,
93,<,
94,=,
95,>,
96,|,
97,~,
98,10rb,
99,10rb/pcs,
100,10x10,
101,120x1,
102,13/08/2017,
103,15rb,
104,15rb/pcs,
105,18k,
106,2maret,
107,2nya,
108,2pcs,
109,3/4,
110,38/39,
111,40/41,
112,47/48,
113,7000/pcs,
114,73/pcs,
115,7k,
116,7rb,
117,89k/200k,
118,a,
119,a/n,
120,aa,
121,aaja,
122,aamiin,amin
123,abang,kakak laki-laki
124,abisnya,
125,abizz,habis
126,abs,
127,abstrack,
128,abstract,
129,abstrak,
130,abu,
131,acara,
132,acastus,
133,accord,
134,account,
135,actually,
136,acuan,
137,adaa,
138,adain,
139,adakah,
140,add,
141,adelia,
142,adem,
143,adha,
144,adik,
145,adil,
146,adistizan,
147,admin,
148,admind,
149,adminnya,
150,adopsi,
151,adorable,
152,adorableootd,
153,aduh,
154,aduhh,aduh
155,aduuh,aduh
156,advance,
157,advice,
158,advise,
159,ae,
160,again,
161,agenda,
162,agung,
163,agustus,
164,ah,
165,ahahhaha,
166,ahh,
167,ahhaha,
168,aihh,
169,aim,
170,aini,
171,air,
172,airsoftgun,
173,aisyah,
174,ajaa,saja
175,ajah,saja
176,ajak,
177,ajalah,saja
178,aje,saja
179,ajh,saja
180,aji,
181,ajja,saja
182,akad,
183,akhirya,
184,akhrnya,
185,akses,
186,aksesoris,
187,aktifitas,
188,akun,
189,akunnya,
190,akunya,
191,akupun,
192,akut,
193,al,
194,alamat,
195,alamatnya,
196,alangkah,
197,alas,
198,alat,
199,alatnya,
200,aleesha,
201,alhamdulilah,
202,alhamdulillah,
203,alhamdulillahh,
204,alhamdullilah,
205,alhasil,
206,alhmdulillah,
207,alika,
208,all,
209,allah,Allah
210,allhamdullilah,
211,alloh,Allah
212,allsize,
213,alma,
214,almost,
215,alo,
216,alot,
217,alpha,
218,alteir,
219,alur,
220,alus,halus
221,always,
222,aman,
223,amanah,
224,ambiil,
225,ambil,
226,ambon,
227,amiin,amin
228,amin,
229,ammonya,
230,ampe,sampai
231,ampun,
232,ampyuun,ampun
233,an,
234,ana,
235,anak,
236,ancene,
237,and,
238,andaikan,
239,anday,
240,ane,saya
241,angkat,
242,anjay,anjing
243,anjing,
244,anjirr,anjing
245,anna,saya
246,another,
247,anti,
248,antri,
249,antrian,
250,anya,
251,anyar,
252,anyong,
253,aomenit,
254,aonya,
255,apak,
256,apalagii,
257,apan,
258,apcs,
259,apek,bau
260,apel,
261,api,
262,apik,bagus
263,apikk,
264,aplikasi,
265,apo,
266,applause,
267,apresiasi,
268,april,
269,aprilmop,
270,aqua,
271,are,
272,area,
273,arep,
274,ariana,
275,artikel,
276,asahan,
277,asam,
278,asik,
279,asli,
280,aslii,
281,aslinya,
282,asrama,
283,ass,
284,assalammualaikum,
285,assalamu'alaikum,
286,assalamualaikm,
287,assalamualaikum,
288,assalamulaikum,
289,asslamualaikm,
290,asslamualaikum,
291,asslmlkum,
292,astaga,
293,at,
294,atak,
295,atalier,
296,atasan,
297,atasannya,
298,atasnya,
299,atawa,
300,atlantis,
301,atm,
302,aunty,
303,authentic,
304,avail,
305,available,
306,availble,
307,avatar,
308,aw,
309,awesome,
310,awet,
311,aww,
312,ayo,
313,ayomi,
314,ayoo,
315,ayook,
316,ayu,cantik
317,ayuk,ayo
318,ayuka,
319,ayuukk,
320,b,
321,baby,
322,babyshopnya,
323,baca,
324,back,
325,backpack,
326,bacpack,
327,badai,
328,badan,
329,bag,
330,bagiaan,
331,bagu,
332,bagus,
333,bagusan,lebih bagus
334,bagusnya,
335,baguss,
336,baguus,
337,baguuss,
338,bah,
339,bahan,
340,bahannya,
341,bahanya,
342,bahaya,
343,bahnnya,
344,baiknya,
345,baju,
346,bajunya,
347,bajunyaa,
348,bakar,
349,bakiak,
350,balas,
351,balasan,
352,balck,
353,balerina,
354,balesan,
355,bali,
356,balikin,
357,baliknya,
358,balikpapam,
359,balikpapan,
360,balisong,
361,balm,
362,balon,
363,bandana,
364,bandar,
365,bandara,
366,bandrol,
367,bandung,
368,bang,
369,bangeet,
370,banget,
371,bangett,
372,bangka,
373,bangkinang,
374,bangtan,
375,bangun,
376,banjarmasin,
377,banten,
378,bantu,
379,bantuannya,
380,bantuanya,
381,bar,
382,baracas,
383,barakallah,
384,barang,
385,barangkali,
386,barangku,
387,barangnya,
388,barangnyaa,
389,barapaan,
390,barat,
391,bareng,
392,barengan,
393,barokallah,
394,barter,
395,barunya,
396,barusan,
397,basic,
398,bata,
399,batam,
400,batas,
401,batch,
402,batik,
403,batiknya,
404,baton,
405,batu,
406,bau,
407,bawa,
408,bawaannya,
409,bawahnya,
410,bawang,
411,bay,
412,bayar,
413,bb,
414,bberapa,
415,bbm,
416,bbrp,
417,bca,
418,bcbv,
419,beauties,
420,beautiful,
421,beauty,
422,bebas,
423,beda,
424,bedanya,
425,bedo,
426,before,
427,begal,
428,beginiannya,
429,beh,
430,beji,
431,bekas,
432,bekasi,
433,beladiri,
434,beladirinya,
435,belakangnya,
436,belanja,
437,belanjaan,
438,belanjanya,
439,beli,
440,beli/mesen,
441,belii,
442,belikan,
443,belikkan,
444,belinya,
445,belitung,
446,bella,
447,belle,
448,belt,
449,bemz,
450,benda,
451,beneran,
452,benerin,
453,bengkulu,
454,bens,
455,bentuk,
456,benz,
457,benz/lips,
458,berang,
459,berangkat,
460,berapaa,
461,berapaam,
462,berapaan,
463,berasa,
464,berat,
465,berbadan,
466,berbahaya,
467,berburu,
468,berdua,
469,berenti,
470,beres,
471,berfikir,
472,berharap,
473,berharga,
474,berhasil,
475,berhenti,
476,berhijab,
477,berjodoh,
478,berjuang,
479,berkabar,
480,berkah,
481,berkali,
482,berkualitas,
483,berkulitas,
484,berkurang,
485,berkutat,
486,berlayer,
487,bermerek,
488,berminat,
489,berpa,
490,berpaa,
491,berpendapat,
492,bersahabat,
493,bersihin,
494,berubah,
495,beruntung,
496,besarnya,
497,besok,
498,besokkah,
499,best,
500,beta,
501,betull,
502,beuh,
503,bgini,
504,bgitu,begitu
505,bgk,
506,bgm,
507,bgss,bagus
508,bgtt,
509,bgtu,
510,bgus,
511,bgy,
512,bha,
513,bi,
514,bian,
515,biar,
516,biasah,
517,biaya,
518,bibeh,
519,bicara,
520,big,
521,bii,
522,bikiin,
523,bikin,
524,bilang,
525,bingiits,
526,bingit,
527,bingitz,
528,bingung,
529,bintaro,
530,bio,
531,biru,
532,bis,
533,bisaa,
534,bisah,
535,bismillah,
536,bisnis,
537,biyan,
538,bju,
539,bkal,
540,bkin,
541,blablabla,
542,black,
543,black/croco,
544,blackhawk,
545,blacklist,
546,blacknya,
547,blade,
548,blang,
549,blanja,
550,blankping,
551,bleh,
552,bli,
553,blitar,
554,blnj,
555,blnja,
556,block,
557,blom,
558,blora,
559,blouse,
560,blouse&swing,
561,blousee,
562,blousenya,
563,blsan,
564,blsn,
565,blue,
566,blus,
567,bluse,
568,blusnya,
569,blusuk,
570,bm,
571,bnget,
572,bngett,
573,bngt,banget
574,bngts,
575,bobow,
576,bobowpants,
577,bocah,
578,bocoran,
579,bocorin,
580,bodone,
581,bogor,
582,bojong,
583,bok,
584,bokek,
585,bola,
586,bolak,
587,boleeh,
588,bolehh,
589,bolehngak,
590,bolong,
591,bonekanya,
592,bongkar,
593,bonus,
594,book,
595,booked,
596,booking,
597,boot,
598,booth,
599,boots,
600,bor,
601,borb,
602,bordir,
603,borong,
604,bos,
605,bosa,
606,bosen,
607,boss,
608,bouse,
609,bow,
610,bowbow,
611,bpbow,
612,bra,
613,braja,
614,branded,
615,brapa,
616,brapaan,
617,brarti,
618,brati,
619,brenti,berhenti
620,bress,
621,bri,
622,bridesmaid,
623,bring,
624,brlom,
625,brodo,
626,broken,
627,brolab,
628,brolabs,
629,broo,
630,bros,
631,brown,
632,brownie,
633,brownnya,
634,brpa,
635,brpaan,
636,brpan,
637,brpe,
638,brrapaan,
639,brsahabat,
640,brsn,
641,brti,berarti
642,bruntung,
643,bsalah,
644,bsd,
645,bsok,
646,bsr,
647,btk,
648,buah,
649,buatan,
650,budeg,
651,budget,
652,budi,
653,buka,
654,bukittinggi,
655,buku,
656,bulu,
657,bulukan,
658,bumi,
659,bun,
660,bund,
661,bunda,
662,bunuh,
663,bunyi,
664,buooss,
665,burgundy,
666,buru,
667,buruan,
668,bust,
669,busui,
670,busuui,
671,but,
672,butik,
673,butiknya,
674,butuh,
675,buwat,
676,buyer,
677,bvbbvbvbbvhvaezza,
678,bwah,
679,by,
680,byan,
681,bye,
682,c,
683,ca,
684,cabang,
685,cabangnya,
686,cabe,
687,cacaote,
688,cafenya,
689,caferegal,
690,cahaya,
691,cair,
692,cakeepp,
693,cakep,
694,cakepp,
695,cakeup,
696,cakeupp,
697,cakung,
698,campina,
699,campina/biya,
700,campina&jeans,
701,campinaa,
702,cancel,
703,cancer,
704,canggih,
705,cangik,
706,cant,
707,cantiik,
708,cantiikk,
709,cantik,
710,cantikk,
711,cantiq,
712,cantique,
713,cantum,
714,cantumin,
715,cantumkan,
716,canvas,
717,capek,
718,cappucino,
719,caption,
720,card,
721,cardsharp,
722,cari,
723,carnera,
724,carousell,
725,cas,
726,casa,
727,cashback,
728,cat,
729,catnya,
730,catton,
731,caviaij,
732,caviar,
733,cb,
734,cba,
735,ceckout,
736,cek,
737,ceklis,
738,cekout,
739,celana,
740,celananya,
741,celengan,
742,cengkareng,
743,cepat,
744,cepetan,
745,cepett,
746,cepu,
747,cerita,
748,ceritanya,
749,ceruti,
750,ces,
751,cewek,
752,cgk,
753,ch,
754,cha,
755,chaat,
756,challenge,
757,chanciikk,
758,channel,
759,charles,
760,chart,
761,chartnya,
762,chat,
763,chat/dm,
764,che,
765,check,
766,checkoit,
767,checkout,
768,checkoutnya,
769,chek,periksa
770,chekout,
771,chengger,
772,chesnut,
773,choco,
774,choose,
775,chrome,
776,ci,
777,ciamis,
778,cianjur,
779,cibinobg,
780,cibinong,
781,cibitung,
782,cihanjuang,
783,cii,
784,cik,
785,cikarang,
786,cilacap,
787,cilandak,
788,ciledug,
789,cilincing,
790,cimahi,
791,cimanggis,
792,cintai,
793,cintak,
794,ciput,
795,ciputat,
796,ciracas,
797,cirebon,
798,cit,
799,city,
800,ck,
801,ckpn,
802,ckup,
803,clana,
804,clip,
805,cloudy,
806,clutch,
807,cm,
808,cma,cuma
809,cntikk,
810,coba,
811,cocoate,
812,cocok,
813,cocokan,
814,cocoknya,
815,cod,
816,codenya,
817,cokelat,
818,coklat,
819,coklatnya,
820,colek,
821,collection,
822,color,
823,colors,
824,colour,
825,colours,
826,com,
827,combat,
828,coming,
829,commentnya,
830,confirm,
831,construction,
832,contac,
833,contact,
834,contactnya,
835,contekan,
836,contoh,
837,conversation,
838,cool,
839,copper,
840,copy,
841,coraknya,
842,cotton,
843,counter,
844,cover,
845,covernya,
846,cowok,
847,coy,
848,cpet,
849,cpt,
850,cra,
851,cranya,
852,cream,
853,creamy,
854,creme,
855,crepe,
856,crnya,
857,crocho,
858,croco,
859,crocoo,
860,cs,
861,csgo,
862,csnya,
863,csnyakontaknya,
864,csr,
865,cu,
866,cuanet,
867,cube,
868,cubet,
869,cuci,
870,Cuma,
871,cup,
872,cus,
873,cuss,
874,cust,
875,custom,
876,cute,
877,cuteness,
878,cuuk,
879,cwe,
880,cwo,
881,d'valentino,
882,da,
883,daan,
884,dab,
885,dada,
886,daei,
887,daer,
888,daerah,
889,daerqh,
890,daftar,
891,daftar/regiatrasi,
892,daftar/registrasi,
893,dag,
894,dagang,
895,daging,
896,dalamnya,
897,dalem,dalam
898,daleman,
899,dalemnya,
900,damn,
901,dana,
902,dapatinnya,
903,dapet,
904,dapetin,
905,dapetnya,
906,dar,
907,dara,
908,darahnya,
909,darat,
910,darimana,
911,dark,
912,darkgrey,
913,darkgrey/machiato,
914,darl,
915,daster,
916,data,
917,date,
918,datengnya,
919,day,
920,daya,
921,dazzle,
922,dbnerin,
923,dear,
924,dears,
925,deekk,
926,deep,
927,deepred,
928,deg,
929,deh,
930,dehh,
931,demak,
932,den,
933,denim,
934,denpasar,
935,depannya,
936,depok,
937,der,
938,designernya,
939,deskripsi,
940,detail,
941,detailnya,
942,detil,
943,deui,
944,dewasa,
945,dhan,
946,dhbungi,
947,diahare,
948,diajakin,
949,diaku,
950,diamond,
951,diatas,
952,diatur,
953,dibagian,
954,dibalea,
955,dibales,
956,dibalik,
957,dibalikan,
958,dibandung,
959,dibawah,
960,dibeliin,
961,dibenerin,
962,dibikin,
963,dibilang,
964,diblaes,
965,dibolak,
966,dibook,
967,dibuka,
968,dicari,
969,dicat,
970,dicek,
971,dicheckout,
972,dicustom,
973,didepan,
974,didiskonin,
975,didm,
976,diem,
977,diemin,
978,difilter,
979,difoto,
980,dig,
981,digambar,
982,diganti,
983,digembok,
984,dihapus,
985,dihubungi,
986,diinfo,
987,diinfokan,
988,dijahitan,
989,dijahitankan,
990,dijakarta,
991,dijalan,
992,dijamin,
993,dijelasin,
994,dijkt,
995,dijogja,
996,dijogjakarta,
997,dijual,
998,dikaltim,
999,dikalungin,
1000,dikami,
1001,dikantong,
1002,dikantor,
1003,dikasih,
1004,dikata,
1005,dikereta,
1006,diketok,
1007,dikirim,
1008,dikirimin,
1009,dikirimnya,
1010,dikit,
1011,dikunci,
1012,dikunjungin,
1013,dil,
1014,dilepas,
1015,diliburkan,
1016,dilipet,
1017,diluar,
1018,dimana,
1019,dimari,
1020,dimasukin,
1021,dimks,
1022,dimnanya,
1023,dimodel,
1024,dimodifikasi,
1025,din,
1026,dinda,
1027,dinegeri,
1028,dingin,
1029,dinn,
1030,dinyatakan,
1031,diomongin,
1032,diorder,
1033,dip,
1034,dipakai,
1035,dipake,
1036,dipakenya,
1037,dipanggil,
1038,dipanjangin,
1039,dipengen,
1040,diperbaiki,
1041,diperpanjang,
1042,dipoint,
1043,diposting,
1044,dipoto,
1045,diproses,
1046,diputar,
1047,dirmh,
1048,dirty,
1049,dirubah,
1050,dirumah,
1051,disahre,
1052,disamping,
1053,discnya,
1054,discontinue,
1055,discountnya,
1056,disebalah,
1057,diselipin,
1058,dishare,
1059,disimpen,disimpan
1060,disita,
1061,disitu,
1062,diskon,
1063,diskonan,
1064,distore,
1065,disuka,
1066,disuruh,
1067,disurvey,
1068,dit,
1069,ditambahin,
1070,ditanggapi,
1071,ditangung,
1072,ditaro,
1073,ditempel,
1074,diterima,
1075,dititipi,
1076,dititipin,
1077,ditotal,
1078,ditransfer,
1079,ditungg,
1080,ditunggu,
1081,ditungu,
1082,diubah,
1083,diupload,
1084,diutamakan,
1085,divanilla,
1086,diweb,
1087,diwebsite,
1088,diyogyakarta,
1089,djogja,
1090,djual,
1091,dk,
1092,dki,
1093,dkirim,
1094,dkita,
1095,dkrim,
1096,dlam,dalam
1097,dm,
1098,dm/line,
1099,dmna,
1100,dmnya,
1101,dn,
1102,dng,
1103,do,
1104,doa,
1105,dobel,
1106,dogs,
1107,dok,
1108,domisili,
1109,dompet,
1110,dompetnya,
1111,done,
1112,dongg,
1113,dongk,
1114,donk,
1115,donkq,
1116,donng,
1117,doong,
1118,dope,
1119,doraemon,
1120,double,
1121,down,
1122,dpat,
1123,dpet,
1124,dpnnya,
1125,dream,
1126,dreamy,
1127,dress,
1128,dressnya,
1129,dritdi,
1130,dropship,
1131,dropsip,
1132,drue,
1133,dsni,
1134,dtng,
1135,dudu,
1136,duduk,
1137,dudul,
1138,dug,
1139,duitnya,
1140,dukuh,
1141,duluan,
1142,duly,
1143,dumai,
1144,dund,
1145,dung,
1146,dungg,
1147,dunia,
1148,dunk,
1149,durian,
1150,dustu,
1151,dusty,
1152,dustyblue,
1153,dustyping,
1154,dustypini,
1155,dutyping,
1156,duuh,
1157,dvalentino,
1158,dwh,
1159,e,
1160,ea,
1161,ecer,
1162,ecm,
1163,edisi,
1164,edition,
1165,eeh,
1166,efek,
1167,eg,
1168,eh,
1169,ehh,
1170,ekeu,
1171,el,
1172,elah,
1173,elaskia,
1174,elegan,
1175,elga,
1176,email,
1177,emailnya,
1178,emak,
1179,embos,
1180,emerald,
1181,emerald/sunkis,
1182,enak,
1183,enakan,
1184,endi,
1185,endingnya,
1186,endry,
1187,eng,
1188,enga,
1189,engen,
1190,enya,
1191,enyaa,
1192,eorb,
1193,eorbu,
1194,epcs,
1195,epsilon,
1196,equil,
1197,er,
1198,eroor,
1199,error,
1200,errorr,
1201,etalase,
1202,etna,
1203,euy,
1204,exist,
1205,extra,
1206,fa,
1207,face,
1208,facebook,
1209,fad,
1210,fancy,
1211,fapet,
1212,far,
1213,fara,
1214,fashion,
1215,fashionable,
1216,fast,
1217,favorite,
1218,fee,
1219,fid,
1220,fidget,
1221,filter,
1222,finally,
1223,finya,
1224,fisher,
1225,fit,
1226,flatshose,
1227,flatshus,
1228,flatshusnya,
1229,flenya,
1230,floresra,
1231,floresta,
1232,flower,
1233,fokus,
1234,folder,
1235,follow,
1236,followers,
1237,for,
1238,form,
1239,format,
1240,foto,
1241,fotonya,
1242,found,
1243,free,
1244,freeong,
1245,freeongkir,
1246,freeongkirviashopee,
1247,freestyle,
1248,friend,
1249,friendly,
1250,from,
1251,frozen,
1252,frr,
1253,ftonya,
1254,fuchia,
1255,fuck,
1256,fuih,
1257,full,
1258,fullblack,
1259,fungsi,
1260,fuschia,
1261,fuschiaa,
1262,fuscia,
1263,fushia,
1264,fusia,
1265,g,
1266,gaa,
1267,gabung,
1268,gabungan,
1269,gabutuh,
1270,gada,
1271,gading,
1272,gae,
1273,gaes,
1274,gafaham,
1275,gagal,
1276,gajadi,
1277,gajah,
1278,gajian,
1279,gakada,
1280,gakbisa,
1281,gakk,
1282,gaks,
1283,gakuat,
1284,galau,
1285,galauu,
1286,gambar,
1287,gambarnya,
1288,game,
1289,gamis,
1290,gampang,
1291,gandaria,
1292,gandos,
1293,gandulan,
1294,gangguan,
1295,gann,
1296,ganteng,
1297,ganti,
1298,gapunya,
1299,garden,
1300,garut,
1301,gas,
1302,gass,
1303,gasuka,
1304,gataunya,
1305,gausah,
1306,ge,
1307,gede,
1308,gedhe,
1309,gelap,
1310,gelem,
1311,gelut,
1312,gemesh,
1313,gemesin,
1314,gemess,
1315,gen,
1316,gendeng,
1317,geogle,
1318,gera,
1319,gercep,
1320,geus,
1321,gg,
1322,ggfygb,
1323,gift,
1324,gift'ya,
1325,gih,
1326,gila,
1327,giliran,
1328,gilirn,
1329,gimma,
1330,gimna,
1331,gini,
1332,ginjal,
1333,gir,
1334,gituan,
1335,gituu,
1336,giveaway,
1337,glc,
1338,glow,
1339,gmbr,
1340,gmbrnya,
1341,gmna,
1342,gni,
1343,gntiwarna,
1344,gnya,
1345,go,
1346,godaan,
1347,godaann,
1348,gojek,
1349,gold,
1350,golek,
1351,golok,
1352,good,
1353,goorbuan,
1354,gores,
1355,gorgeous,
1356,got,
1357,gr,
1358,gra,
1359,grab,
1360,grabit,
1361,grand,
1362,grande,
1363,graphicnya,
1364,gratis,
1365,grb,
1366,green,
1367,greenlake,
1368,greentea,
1369,greget,
1370,grey,
1371,grey&navy,
1372,grosir,
1373,gs,
1374,gscm,
1375,gsrb,
1376,gtlo,
1377,gtu,
1378,gudang,
1379,gunung,
1380,gwarna,
1381,ha,
1382,haa,
1383,haaha,
1384,habis,
1385,habisin,
1386,hack,
1387,hadeh,
1388,hadiah,
1389,hadir,
1390,hah,
1391,hahaa,
1392,hahah,
1393,hahahha,
1394,hahhaaha,
1395,hai,
1396,haii,
1397,hajar,
1398,hak,
1399,haknya,
1400,halilintar,
1401,hallo,
1402,halo,
1403,haloo,
1404,hamidah,
1405,hamil,
1406,han,
1407,hana,
1408,hancur,
1409,hand,
1410,handmade,
1411,hanger,
1412,hape,
1413,happy,
1414,hapsah,
1415,har,
1416,harag,
1417,harap,
1418,harapan,
1419,harga,
1420,harganya,
1421,harganys,
1422,has,
1423,hashtag,
1424,hashtagnya,
1425,hati,
1426,haute,
1427,have,
1428,hay,
1429,hayam,
1430,hayang,
1431,hayo,
1432,hayoo,
1433,hayu,
1434,hayuk,
1435,hazel,
1436,hazelnut,
1437,hbgi,
1438,he,
1439,heart,
1440,hebat,
1441,heboh,
1442,heels,
1443,heelsnya,
1444,hehee,
1445,heheh,
1446,hehehhe,
1447,hehhe,tertawa
1448,hell,
1449,hellsnya,
1450,help,
1451,hemat,
1452,hemera,
1453,hen,
1454,heng,
1455,her,
1456,heuheu,
1457,hewan,
1458,hhe,
1459,hiburan,
1460,hidayah,
1461,hidup,
1462,high,
1463,hihi,
1464,hii,
1465,hijab,
1466,hijabers,
1467,hijabnya,
1468,hijau,
1469,hijaunya,
1470,hijrah,
1471,hikmah,
1472,hiks,
1473,hikshiks,
1474,hikss,
1475,hilang,
1476,history,
1477,hit,
1478,hitam,
1479,hitam'a,
1480,hitamnya,
1481,hitung,
1482,hivio,
1483,hixz,
1484,hl,
1485,hm,
1486,hmm,
1487,holand,
1488,holland,
1489,hollanf,
1490,homemade,
1491,hoodienya,
1492,hotel,
1493,how,
1494,hp,
1495,hraga,
1496,hrg,
1497,hrga,
1498,hrganya,
1499,hrgnya,
1500,hrha,
1501,htmnya,
1502,hu,
1503,hua,
1504,huaa,
1505,hub,
1506,hubungi,
1507,hubungin,
1508,hufft,mengeluh
1509,huhu,
1510,hujannya,
1511,humble,
1512,hunt,
1513,hunting,
1514,hut,
1515,hutang,
1516,hy,
1517,hye,
1518,i,
1519,iam,
1520,iapril,
1521,ibk,
1522,iborb,
1523,ibu,
1524,ibuk,
1525,id,
1526,idaman,
1527,idola,
1528,idul,
1529,ieu,
1530,ieuk,
1531,ig,
1532,ih,
1533,ihh,
1534,ihka,
1535,iihh,
1536,iirb,
1537,ijam,
1538,ijin,
1539,ijin/tidak,
1540,ijo,
1541,ijonya,
1542,ik,
1543,ika,
1544,ikat,
1545,ikhlasis,
1546,iki,
1547,iktan,
1548,ikutan,
1549,ikuti,
1550,ikutnya,
1551,imah,
1552,imitasi,
1553,in,
1554,inah,
1555,inbonya,
1556,inc,
1557,ind,
1558,indicology,
1559,indiecology,
1560,indo,
1561,indonesia,
1562,indonesian,
1563,indramayu,
1564,info'y,
1565,infoin,
1566,infokan,
1567,infonya,
1568,informasi,
1569,ingatkan,
1570,inih,
1571,inii,
1572,inner,
1573,ino,
1574,insha,
1575,inshaallah,
1576,inspiratif,
1577,insta,
1578,instagram,
1579,instan,
1580,instannya,
1581,instansnya,
1582,instant,
1583,instant'ya,
1584,instantnya,
1585,instanya,
1586,instnt,
1587,insya,
1588,insyaallah,
1589,insyallah,
1590,intan,
1591,internet,
1592,intinya,
1593,inya,
1594,ioocm,
1595,ioorbu,
1596,iorb,
1597,iorbu,
1598,ipcs,
1599,iphone,
1600,is,
1601,iseng,
1602,isi,
1603,ismenit,
1604,isrbu,
1605,ist,
1606,istimewa,
1607,istri,
1608,it,
1609,itemnya,
1610,iti,
1611,iya,
1612,iyaa,
1613,iyah,
1614,iyak,
1615,jabar,
1616,jabodetabek,
1617,jad,
1618,jadiken,
1619,jagakarsa,
1620,jahat,
1621,jahitan,
1622,jahitannya,
1623,jaitan,
1624,jajalo,
1625,jakarta,
1626,jakarta/bekasi,
1627,jakarta/tangerang,
1628,jakartatimur,
1629,jakbar,
1630,jaket,
1631,jaketnya,
1632,jakpus,
1633,jakrta,
1634,jaksel,
1635,jaktim,
1636,jakut,
1637,jal,
1638,jalan,
1639,jalur,
1640,jam,
1641,jaman,
1642,jamberapa,
1643,jambi,
1644,jamin,
1645,jamnya,
1646,jams,
1647,jan,
1648,jang,
1649,jannatul_nurulhuda,
1650,japri,
1651,jarak,
1652,jarang,
1653,jarb,
1654,jarene,
1655,jari,
1656,jaringan,
1657,jarinya,
1658,jasa,
1659,jasatitip,
1660,jasmin,
1661,jasmina,
1662,jasmine,
1663,jastip,
1664,jastipnya,
1665,jastipp,
1666,jateng,
1667,jati,
1668,jatim,
1669,jatinangor,
1670,jatip,
1671,jatuh,
1672,jau,
1673,jauhar,
1674,javelin,
1675,jawa,
1676,jaya,
1677,jbrb,
1678,jcm,
1679,jdnya,
1680,je,
1681,jeans,
1682,jebol,
1683,jeh,
1684,jek,
1685,jemursari,
1686,jeng,
1687,jenis,
1688,jepang,
1689,jepp,
1690,jerb,
1691,jewel,
1692,jilbab,
1693,jilbabmu,
1694,jilbabnya,
1695,jilbabnyaa,
1696,jiwa,
1697,jk,
1698,jka,
1699,jkrt,
1700,jkrta,
1701,jl,
1702,jm,
1703,jne/jnt,
1704,jngn,
1705,jodohnya,
1706,jogja,
1707,jogjanya,
1708,jok,
1709,jokul,
1710,jos,
1711,jp,
1712,jrb,
1713,jrm,
1714,jsk,
1715,jsrb,
1716,jstip,
1717,jual,
1718,jualan,
1719,juara,
1720,judulnya,
1721,jugaa,
1722,jugak,
1723,jujur,
1724,jules,
1725,jum'at,
1726,jumat,
1727,juragan,
1728,justmine,
1729,juta,
1730,juwara,
1731,jwa,
1732,kaa,
1733,kaak,
1734,kaakk,
1735,kaappan,
1736,kabar,
1737,kabari,
1738,kabarii,
1739,kabarin,
1740,kabita,
1741,kabupaten,
1742,kaca,
1743,kadang,
1744,kado,
1745,kah,
1746,kain,
1747,kainnya,
1748,kak,
1749,kakak,
1750,kaki,
1751,kakk,
1752,kakka,
1753,kalah,
1754,kalem,
1755,kali,
1756,kalideres,
1757,kalimantan,
1758,kaloo,
1759,kaltim,
1760,kalung,
1761,kamis,
1762,kamuflase,
1763,kana,
1764,kanan,
1765,kanebo,
1766,kang,
1767,kanggo,
1768,kantong,
1769,kantor,
1770,kantornya,
1771,kapokk,
1772,karakter,
1773,karambit,
1774,karambitnya,
1775,karamel,
1776,karawaci,
1777,karawang,
1778,kardigannya,
1779,karet,
1780,kasi,
1781,kasian,
1782,kasih,
1783,kasur,
1784,katain,
1785,katalog,
1786,katana,
1787,katua,
1788,katya,
1789,katya/diamond,
1790,kawasan,
1791,kaya,
1792,kayak,
1793,kayaknya,
1794,kayi,
1795,kayla,
1796,kayu,
1797,kbagian,
1798,kbgian,
1799,kbrin,
1800,kcuali,
1801,keabisa,
1802,keabisaan,
1803,keabisan,
1804,keambil,
1805,keapus,
1806,kebagiaan,
1807,kebagiab,
1808,kebagian,
1809,kebakar,
1810,kebalik,
1811,kebanyakan,
1812,kebawah,
1813,kebayangin,
1814,kebayoran,
1815,kebeli,
1816,kebesaran,terlalu besar
1817,kebon,
1818,kebyoran,
1819,kecamatan,
1820,kecanduan,
1821,kece,
1822,kecey,
1823,kecuali,
1824,kedatangan,
1825,kedatangannya,
1826,kediri,
1827,keep,
1828,kegedean,
1829,kehabisaan,
1830,kehabisan,
1831,kehabisan/sold,
1832,keingin,
1833,keith,
1834,kejelasannya,
1835,keju,
1836,kekecilan,
1837,kekepin,
1838,kekinian,
1839,kelak,
1840,kelanjutannya,
1841,kelapa,
1842,kelar,
1843,kelas,
1844,kelebihan,
1845,kelewat,
1846,kelewer,
1847,keluarga,
1848,keluarin,
1849,keluarnya,
1850,kelupaan,
1851,kelurahan,
1852,kelurahan/desa,
1853,kemabaran,
1854,kemana,
1855,kemang,
1856,kemarin,
1857,kemarinn,
1858,kembang,
1859,kembaran,
1860,kembarann,
1861,kemeja,
1862,kena,
1863,kenal,
1864,kenangan,
1865,kendal,
1866,kendala,
1867,kendari,
1868,kenshin,
1869,kepala,
1870,kepanjangan,
1871,kepemilikan,
1872,kepoin,
1873,kepulauan,
1874,keracunan,
1875,kerambit,
1876,keranjang,
1877,kerdungnya,
1878,kereen,
1879,kereenn,
1880,keren,
1881,kerenn,
1882,kereta,
1883,keringat,
1884,kerja,
1885,kerjasama,
1886,kernjang,
1887,kertas,
1888,kerudung,
1889,kerudungan,
1890,kerudungannya,
1891,kerudungnya,
1892,kesal,
1893,kesan,
1894,kesana,
1895,kesekolah,
1896,kesel,
1897,kesell,
1898,kesini,
1899,kesukaan,
1900,ketahuan,
1901,ketajaman,
1902,ketar,
1903,ketemu,
1904,keten,
1905,keterangan,
1906,keterangannya,
1907,ketinggalan,
1908,ketir,
1909,key,
1910,keyen,
1911,kf,
1912,kg,
1913,kh,
1914,khadirannya,
1915,khahi,
1916,khaki,
1917,khaky,
1918,khbsn,
1919,khusus,
1920,kia,
1921,kianyaa,
1922,kidu,
1923,kilho,
1924,kimono,
1925,kimononya,
1926,kipincut,
1927,kirain,saya pikir
1928,kiri,
1929,kirim,
1930,kiriman,
1931,kirimin,
1932,kirimnya,
1933,kirwood,
1934,kirwoodnya,
1935,kisaran,
1936,kitaa,
1937,kitchen,
1938,kitten,
1939,kitu,
1940,kk,
1941,klaim,
1942,klakson,
1943,klasik,
1944,klau,
1945,klewatan,
1946,kliatan,
1947,klik,
1948,klip,
1949,klu,
1950,kluarn,
1951,klupaan,terlupa
1952,kmaren,
1953,kmarin,
1954,kmbali,
1955,kmn,
1956,kmna,
1957,kmren,
1958,kmu,
1959,knapaa,
1960,knee,
1961,knife,
1962,knuckle,
1963,ko,
1964,kocak,
1965,kod,
1966,kode,
1967,kokk,
1968,koleksi,
1969,koleksine,
1970,komen,
1971,kompalin,
1972,komplain,
1973,komplainnya,
1974,komplen,
1975,komputer,
1976,kondangam,
1977,kondangan,
1978,kondangannya,
1979,konfak,
1980,konfirm,
1981,konfirmasi,
1982,konfirmasinya,
1983,konfrm,
1984,konfrmasi,
1985,kontak,
1986,kontaknya,
1987,kontek,
1988,kopi,
1989,korban,
1990,kosong,
1991,kota,
1992,kotak,
1993,kowe,
1994,koyo,
1995,kpan,
1996,kramat,
1997,kramatjati,
1998,krambit,
1999,kranjang,
2000,kreatif,
2001,kren,
2002,kripik,
2003,krmh,
2004,krna,
2005,krnjang,keranjang
2006,ktinggalan,
2007,ktp,
2008,ku,
2009,kualitas,
2010,kualitasnya,
2011,kuat,
2012,kudung,
2013,kulit,
2014,kulot,
2015,kumpul,
2016,kunci,
2017,kuncinya,
2018,kuning,
2019,kuningan,
2020,kuota,
2021,kupang,
2022,kupon,
2023,kurban,
2024,kurus,
2025,kuy,
2026,kuyy,
2027,kwii,
2028,kya,
2029,kyak,
2030,kyknya,
2031,kyut,
2032,kyutt,
2033,kzl,
2034,l,
2035,l/m,
2036,l/xl,
2037,lace,
2038,ladies,
2039,ladure,
2040,lagih,
2041,lagii,
2042,lago,
2043,lahir,
2044,lainkah,
2045,laki,
2046,laku,
2047,lakukan,
2048,lala,
2049,lambat,
2050,lampung,
2051,lamreta,
2052,lancar,
2053,lancome,
2054,landep,
2055,laneige,
2056,langka,
2057,langsung,
2058,langsungdm,
2059,langsunh,
2060,lanjutin,
2061,lanjutkan,
2062,lanngsung,
2063,lansung,
2064,lapakhijab,
2065,laper,
2066,laptop,
2067,laser,
2068,last,
2069,lauching,
2070,laude,
2071,launch,
2072,launching,
2073,launcing,
2074,laurel,
2075,law,
2076,layarnya,
2077,lazada,
2078,lbh,
2079,lbih,
2080,ld,
2081,ld1,
2082,ld10,
2083,ldnya,
2084,least,
2085,leather,
2086,lebar,
2087,lebaran,
2088,lebarnya,
2089,lebihnya,
2090,lecet,
2091,left,
2092,legh,
2093,legit,
2094,leika,
2095,lek,
2096,lelaki,Laki-laki
2097,lelangan,
2098,lelek,
2099,lem,
2100,lemah,
2101,lembang,
2102,lembut,
2103,lemoot,
2104,lempar,
2105,lena,
2106,lenay,
2107,lengkap,
2108,lengkapnya,
2109,lenyap,
2110,lepas,
2111,let,
2112,level,
2113,lgs,
2114,lgsung,
2115,lho,
2116,lhoo,
2117,li,
2118,lia,
2119,liatnya,
2120,libs,
2121,libur,
2122,light,
2123,lihat,
2124,lik,
2125,like,
2126,lilac,
2127,lim,
2128,limit,
2129,limited,terbatas
2130,line,
2131,line/dm,
2132,line/wa,
2133,linenya,
2134,ling,
2135,lingkar,
2136,liomate,
2137,lipatnya,
2138,lipmate,
2139,lipmatee,
2140,lipmatte,
2141,lippmate,
2142,lippmatee,
2143,lippmatte,
2144,lips,
2145,lipsmatte,
2146,list,
2147,lma,
2148,lngkpnya,
2149,lngsng,
2150,lngsung,
2151,loading,
2152,loafer,
2153,locked,
2154,loding,
2155,log,
2156,login,
2157,loh,
2158,lokal,
2159,lokasi,
2160,long,
2161,loo,
2162,look,
2163,lookinh,
2164,looks,
2165,lounching,
2166,love,
2167,lovers,
2168,lowy,
2169,lsg,
2170,lsng,
2171,luade,
2172,luarnya,
2173,luck,
2174,lucu,
2175,lucuk,
2176,lucunya,
2177,lucuu,
2178,lucuukk,
2179,lucuww,
2180,ludees,
2181,lukk,
2182,lumayan,
2183,lumz,
2184,luna,
2185,luna/machiato,
2186,luna/silver,
2187,lunas,
2188,lunching,
2189,lupa,
2190,luv,
2191,luwih,
2192,luwy,
2193,lwat,
2194,lylac,
2195,m,
2196,m/l,
2197,ma,
2198,maaf,
2199,maau,
2200,maaukk,
2201,maauu,
2202,macaroon,
2203,macetnya,
2204,machiato,
2205,machiato/lowey,
2206,machitoo,
2207,mad,
2208,madame,
2209,made,
2210,madiun,
2211,madra,
2212,magelang,
2213,magnetic,
2214,magnetik,
2215,magnum,
2216,mah,
2217,mahaal,
2218,mahal,
2219,mahal/sama,
2220,main,
2221,mainin,
2222,makan,
2223,makasar,
2224,makasi,
2225,makasihh,
2226,makasii,
2227,makasiih,
2228,makasiihh,
2229,makassar,
2230,make,
2231,makk,
2232,maklum,
2233,makmak,
2234,maksdnya,
2235,maksimal,
2236,maksud,
2237,maksudnya,
2238,mala,
2239,malaikatku,
2240,malam,
2241,malang,
2242,malaysia,
2243,males,
2244,maling,
2245,mall,
2246,malu,
2247,mama,
2248,mamii,
2249,mampir,
2250,mampirr,
2251,manaa,
2252,manado,
2253,mandiri,
2254,mang,
2255,maniiss,
2256,manis,
2257,mantab,
2258,mantan,
2259,mantap,
2260,mantapp,
2261,mantengi,
2262,mantengin,
2263,manteps,
2264,mantis,
2265,manya,
2266,mar,
2267,maren,
2268,marii,
2269,markotop,
2270,maron,
2271,maroon,
2272,martina,
2273,mas,
2274,masak,
2275,masbro,
2276,mash,
2277,masha,
2278,masi,
2279,masihh,
2280,masq,
2281,mass,
2282,masuk,
2283,masuka,
2284,masukkan,
2285,masul,
2286,masya,
2287,masyaa,
2288,mata,
2289,matanya,
2290,mauk,
2291,maulidina,
2292,maunya,
2293,mauren,
2294,mauren&denim,
2295,mauu,
2296,maw,
2297,maxmara,
2298,may,
2299,maybe,
2300,mb,
2301,mba,
2302,mbaa,
2303,mbah,
2304,mbak,
2305,mbakk,
2306,mbasay,
2307,mbatin,
2308,mbk,
2309,mbo,
2310,mbok,
2311,mdah,
2312,mdahan,
2313,mdh,
2314,mdhan,
2315,me,
2316,medan,
2317,medann,
2318,megang,
2319,meh,
2320,mei,
2321,mel,
2322,melar,
2323,melodi,
2324,melody,
2325,melodynya,
2326,melorot,
2327,melulu,
2328,member,
2329,membuka,
2330,memesan,
2331,memudahkan,
2332,men,
2333,menambah,
2334,menang,
2335,menangis,
2336,menarik,
2337,mencapai,
2338,mencari,
2339,mendarat,
2340,menerus,
2341,mengecewakan,
2342,mengeluh,
2343,mengembalikan,
2344,mengganggu,
2345,menggelitik,
2346,menggemaskan,
2347,menggoda,
2348,menghadirkan,
2349,menghemat,
2350,menghubungi,
2351,menginspirasi,
2352,mengisi,
2353,mengkilap,
2354,menipis,
2355,meniru,
2356,menit,
2357,menjomblo,
2358,menjual,
2359,menowo,
2360,mention,
2361,menunggu,
2362,menutup,
2363,menutupi,
2364,menyebabkan,
2365,menyilangnya,
2366,menyusul,
2367,merah,
2368,merapaat,
2369,mercy,
2370,merek,
2371,merk,
2372,merokok,
2373,mesannya,
2374,mesen,
2375,mesennya,
2376,mesenya,
2377,message,
2378,mesti,
2379,metal,
2380,mewah,
2381,mewahh,
2382,mf,
2383,mh,
2384,mi,
2385,midun,
2386,milea,
2387,mileapants,
2388,milih,
2389,miliihnya,
2390,mille,
2391,milo,
2392,mimin,
2393,mimom,
2394,min,
2395,minaat,
2396,minat,
2397,minay,
2398,mindagio,
2399,ming,
2400,minggu,
2401,mini,
2402,minimal,
2403,minn,
2404,mint,
2405,mintaa,
2406,mintak,
2407,miriip,
2408,misty,
2409,mizty,
2410,mkasih,
2411,mksdnya,
2412,mksh,terima kasih
2413,mksi,terima kasih
2414,mksih,
2415,mksr,
2416,mksuknya,
2417,mlm,
2418,mlncur,
2419,mlu,
2420,mluncur,
2421,mm,
2422,mmber,
2423,mn,
2424,mna,
2425,mnat,
2426,mneh,
2427,mngkat,
2428,mnta,
2429,moca,
2430,mocca,
2431,mocha,
2432,modek,
2433,model,
2434,modelnya,
2435,modifikasi,
2436,modular,
2437,modusnya,
2438,moga,semoga
2439,mohon,
2440,moka,
2441,mokka,
2442,mol,
2443,money,
2444,monggo,
2445,monta,
2446,mop,
2447,more,
2448,motif,
2449,motife,
2450,motifnya,
2451,motion,
2452,motong,
2453,mput,
2454,msak,
2455,msi,
2456,msih,
2457,msuk,
2458,mu,
2459,muantap,
2460,muat,
2461,muda,
2462,mudah,
2463,mudahan,
2464,muehehe,
2465,muka,
2466,mukena,
2467,mulberry,
2468,mules,
2469,mumer,
2470,muncul,
2471,mungil,
2472,mupeeng,ingin
2473,mupeng,
2474,murah,
2475,murmer,
2476,music,
2477,musim,
2478,muslimah,
2479,must,
2480,mustard,
2481,mustrad,
2482,muter,
2483,muterinnya,
2484,my,
2485,n't,
2486,na,
2487,naa,
2488,naavy,
2489,nabung,
2490,nad,
2491,nadegha,
2492,nadia,
2493,nafsu,
2494,nahan,
2495,naksir,
2496,nama,
2497,namanya,
2498,nambah,
2499,nan,
2500,nanas,
2501,nang,
2502,narasi,
2503,nasib,
2504,nau,
2505,navi,
2506,navy,
2507,naya,
2508,nbbn,
2509,nd,
2510,ndakk,
2511,ndan,
2512,ndi,
2513,ndii,
2514,ndk,
2515,ndrong,
2516,ndun,
2517,nebar,
2518,nech,
2519,need,
2520,needed,
2521,neeh,
2522,neg,
2523,negeri,
2524,neh,ini
2525,nek,
2526,neng,
2527,nether,
2528,new,
2529,next,
2530,nextnya,
2531,ng,
2532,nga,
2533,ngahajakeun,
2534,ngaji,
2535,ngak,
2536,ngan,
2537,nganter,
2538,ngasah,
2539,ngavkomplit,
2540,nge,
2541,ngebuhungin,
2542,ngecek,
2543,ngecewain,
2544,ngefans,
2545,ngeliatnya,
2546,ngene,
2547,ngeri,
2548,ngerokok,
2549,ngeselin,
2550,ngetril,
2551,nggk,
2552,nggo,
2553,nggolok,
2554,nggone,
2555,ngicer,
2556,ngincar,
2557,ngincer,mengincar
2558,ngirim,
2559,ngiris,
2560,ngjar,
2561,ngk,
2562,ngode,
2563,ngomong,
2564,ngopo,
2565,ngrimnya,
2566,ngrti,
2567,ngulang,
2568,ngumpetin,
2569,ngumpulin,
2570,niat,
2571,nice,
2572,nicely,
2573,nihh,
2574,nii,
2575,niihh,
2576,nikah,
2577,nikenekadini,
2578,nikung,
2579,nitip,
2580,nitipnya,
2581,nitipp,
2582,njay,
2583,njendol,
2584,njir,
2585,njirr,
2586,nmor,
2587,nmrnya,
2588,nnya,
2589,nobes,
2590,nodong,
2591,nolakk,
2592,nomer,
2593,nomernya,
2594,nomor,
2595,nonaktif,
2596,nonggol,
2597,nongol,
2598,normal,
2599,not,
2600,noted,
2601,notif,
2602,notifikasi,
2603,notifikasinya,
2604,novi_rachmawati,
2605,now,
2606,nsa,
2607,ntb,
2608,nti,
2609,ntip,
2610,ntr,
2611,ntuk,
2612,ntup,
2613,nubuck,
2614,nude,
2615,nul,
2616,numpang,
2617,nungguin,
2618,nunjukin,
2619,nunu,
2620,nusra,
2621,nutup,
2622,nwt,
2623,ny,
2624,nya,
2625,nyaa,
2626,nyaah,
2627,nyabar,
2628,nyaman,
2629,nyampe,
2630,nyampenya,
2631,nyatu,
2632,nyebelin,
2633,nyentrik,
2634,nyerap,
2635,nyesel,
2636,nyetak,mencetak
2637,nyimpan,
2638,nyimpen,
2639,nympe,
2640,nynprnuh,
2641,nyo,
2642,nyobek,
2643,nyoh,
2644,nyunat,
2645,o,
2646,oalah,
2647,of,
2648,off,
2649,office,
2650,officialnya,
2651,offline,
2652,oh,
2653,ohemji,
2654,ohh,
2655,oil,
2656,oiya,
2657,ok,
2658,okay,
2659,oke,
2660,okee,
2661,okeh,
2662,okey,
2663,old,
2664,oliv,
2665,olive,
2666,olshop,
2667,om,
2668,ombro,
2669,omg,
2670,omm,
2671,omw,
2672,on,
2673,one,
2674,ong,
2675,ongkirnya,
2676,ongkos,
2677,online,
2678,only,
2679,onmod,
2680,ono,
2681,oo,
2682,oomm,
2683,open,
2684,opening,
2685,or,
2686,ora,
2687,orang,
2688,orb,
2689,orchard,
2690,orde,
2691,order,
2692,orderan,
2693,orderanku,
2694,orderannku,
2695,orderannya,
2696,orderaoeaeag,
2697,orderin,
2698,ordernya,
2699,organza,
2700,ori,
2701,original,
2702,otak,
2703,otomatis,
2704,our,
2705,out,
2706,outer,
2707,outernya,
2708,outfit,
2709,outlet,
2710,ouy,
2711,ove,
2712,over,
2713,overall,
2714,overload,
2715,ow,
2716,owe,
2717,owhh,
2718,owl,
2719,owner,
2720,owner/kontak,
2721,ownernya,
2722,oww,
2723,p,
2724,pacar,
2725,packaging,
2726,packing,
2727,padahl,
2728,padang,
2729,padet,
2730,pagi,
2731,pagii,
2732,paha,
2733,pakai,
2734,pakainya,
2735,pakenya,
2736,paket,
2737,paketan,
2738,palazo,
2739,palembang,
2740,palu,
2741,panas,
2742,pancoran,
2743,panik,
2744,panjabg,
2745,panjangnya,
2746,panjngnya,
2747,pant,
2748,pantengin,
2749,pantes,
2750,pantople,
2751,pants,
2752,pantsku,
2753,pantsna,
2754,pantsnya,
2755,pantsnyaa,
2756,pap,
2757,papap,
2758,papi,
2759,papua,
2760,parah,
2761,parang,
2762,parani,
2763,parka,
2764,parka'a,
2765,parkanya,
2766,pas,
2767,pasan,
2768,pasar,
2769,pashmina,
2770,pasmina,
2771,password,
2772,paste,
2773,patah,
2774,patns,
2775,patu,
2776,paul,
2777,payment,
2778,pb,
2779,pc,
2780,pcs,
2781,pda,
2782,peach,
2783,pedang,
2784,pekalongan,
2785,pekan,
2786,pekanbaru,
2787,pelanggan,
2788,peledak,
2789,peluru,
2790,pembayaran,
2791,pembayarannya,
2792,pembelanjaan,
2793,pembeli,
2794,pembelian,
2795,pemberitahuan,
2796,pembyrn,
2797,pemenang,
2798,pemesanan,
2799,pemesanannya,
2800,pemesannya,
2801,peminatnya,
2802,pemungkas,
2803,pen,
2804,penasaran,
2805,pencerahannya,
2806,pencopet,
2807,pendapat,
2808,pendek,
2809,pending,
2810,penerima,
2811,penerimaan,
2812,pengangguran,
2813,pengecekan,
2814,pengecekannya,
2815,pengirimam,
2816,pengiriman,
2817,pensil,
2818,penuh,
2819,perasaan,
2820,perawatan,
2821,perawatannya,
2822,percaya,
2823,perempuan,
2824,perfect,
2825,pergelangan,
2826,pergi,
2827,perjuangan,
2828,perluas,
2829,permanent,
2830,permudah,
2831,perokok,
2832,persatu,
2833,persiapan,
2834,person,
2835,pertemanannya,
2836,pertma,
2837,pesamnya,
2838,pesan,
2839,pesan'y,
2840,pesanan,
2841,pesananku,
2842,pesanannya,
2843,pesanggrahan,
2844,pesankan,
2845,pesannya,
2846,pesawat,
2847,pesen,
2848,pesen'a,
2849,pesennya,
2850,pesnnya,
2851,pet,
2852,peyment,
2853,pgn,
2854,phasminanya,
2855,pict,
2856,pie,
2857,pik,
2858,pilih,
2859,pilihan,
2860,pilihin,
2861,pill,
2862,pim,
2863,pimgin,
2864,pin,
2865,ping,
2866,pinggang,
2867,pinggul,
2868,pingin,
2869,pink'a,
2870,pink/lips,
2871,pir,
2872,pisah,
2873,pisang,
2874,pisau,
2875,pisaunya,
2876,piso,
2877,pistol,
2878,pita,
2879,pitanya,
2880,pixi,
2881,pkek,
2882,pkl,
2883,plain,
2884,platform,
2885,pleaasee,
2886,please,
2887,pleats,
2888,plis,
2889,pliss,
2890,pls,
2891,plus,
2892,plz,
2893,pnb,
2894,pngen,
2895,pngiriman,
2896,pnts,
2897,pnya,
2898,po,
2899,podo,
2900,podoo,
2901,point,
2902,pol,
2903,polar,
2904,police,
2905,polisi,
2906,polos,
2907,polymer,
2908,polyster,
2909,pondok,
2910,ponte,
2911,pontianak,
2912,pos,
2913,posisi,
2914,posisiku,
2915,posisinya,
2916,post,
2917,posting,
2918,postingan,
2919,postingannya,
2920,poto,
2921,potona,
2922,potong,
2923,potongan,
2924,potonya,
2925,powerrangers,
2926,pr,
2927,prelo,
2928,preloved,
2929,premium,
2930,preorder,
2931,present,
2932,price,
2933,print,
2934,private,
2935,prnah,
2936,proces,
2937,processing,
2938,product,
2939,production,
2940,productnya,
2941,produk,
2942,produknya,
2943,produksi,
2944,profile,
2945,promo,
2946,pronto,
2947,propaganda,
2948,proses,
2949,provinsi,
2950,prsan,
2951,ps,
2952,puas,
2953,puasa,
2954,pudar,
2955,pulang,
2956,pulau,
2957,pundi,
2958,punggung,
2959,punha,
2960,punta,
2961,punua,
2962,punyaa,
2963,punyakah,
2964,punyaku,
2965,punyamu,
2966,puring,
2967,purple,
2968,purwakarta,
2969,purwokerto,
2970,purworejo,
2971,pusat,
2972,pusing,
2973,puter,
2974,putih,
2975,putihnya,
2976,putri,
2977,putty,
2978,putus,
2979,puyeng,pusing
2980,pwowsutok,
2981,py,
2982,q,
2983,qbig,
2984,qta,
2985,qtrz,
2986,quennyhouse,
2987,quiznya,
2988,ra,
2989,rabu,
2990,racon,
2991,racoon,
2992,racun,
2993,racuni,
2994,racunnya,
2995,rada,
2996,rafi,
2997,ragu,
2998,rahasia,
2999,rain,
3000,rajut,
3001,ramadhan,
3002,ramah,
3003,ramai,
3004,rambut,
3005,random,
3006,rani,
3007,rauge,
3008,raya,
3009,razia,
3010,rbu,
3011,reached,
3012,ready,
3013,real,
3014,rebo,
3015,rebutan,
3016,rebutanya,
3017,receh,
3018,recomended,
3019,recommended,
3020,redaksi,
3021,redwing,
3022,reff,
3023,refresh,
3024,regist,
3025,registrasi,
3026,rek,
3027,rekomen,
3028,release,
3029,ren,
3030,rencana,
3031,rencananya,
3032,rendeveous,
3033,rep,
3034,repaint,
3035,repair,
3036,reparasi,
3037,repeat,
3038,request,
3039,reseller,
3040,resi,
3041,resleting,
3042,resletingnya,
3043,resletinh,
3044,resminya,
3045,respon,
3046,respond,
3047,responnya,
3048,response,
3049,restart,
3050,restock,
3051,restok,
3052,retsleting,
3053,return,
3054,review,
3055,rezeki,
3056,rgapril,
3057,rhari,
3058,riau,
3059,ribet,
3060,ribu,
3061,ribuan,
3062,riko,
3063,rilis,
3064,rin,
3065,rincian,
3066,rini,
3067,rjsrb,
3068,rminggu,
3069,rnya,
3070,ro,
3071,roh,
3072,rok,
3073,romantic,
3074,rombe,
3075,rombenya,
3076,rose,
3077,rose&maroon,
3078,rosepeach,
3079,rosie,
3080,rouge,
3081,rough,
3082,rougue,
3083,rounge,
3084,rpc,
3085,rpcs,
3086,rubi,
3087,rullynurlia,
3088,rumah,
3089,rumahlah,
3090,run,
3091,rupa,
3092,rusak,
3093,rusy,
3094,s,
3095,s/m,
3096,saaih,
3097,saay,
3098,sabar,
3099,sabare,
3100,saber,
3101,sabi,
3102,sabr,
3103,sabti,
3104,sabtu,
3105,sabuk,
3106,sad,
3107,sadayana,
3108,sadis,
3109,saih,
3110,saiki,
3111,saja/item,
3112,saking,
3113,sakit,
3114,saku,
3115,sakura,
3116,sala,
3117,salah,
3118,salam,
3119,salamgentlmen,
3120,salatiga,
3121,sale,
3122,salem,
3123,salfok,
3124,salut,
3125,sam,
3126,samaa,
3127,samaan,
3128,samarinda,
3129,samarindaa,
3130,samasama,
3131,sambangi,
3132,sampenya,
3133,sandaalnya,
3134,sandal,
3135,sandals,
3136,sandalsnya,
3137,saran,
3138,saranmin,
3139,sarkansurvey,
3140,sat,
3141,satin,
3142,saudara,
3143,save,
3144,sawit,
3145,sayaa,
3146,sayang,
3147,sayangnya,
3148,sayapnya,
3149,sayy,
3150,sazyi,
3151,sbar,
3152,sbcm,
3153,sblh,
3154,sblmnya,
3155,sblumnya,
3156,sbr,
3157,sby,
3158,scarf,
3159,scarfnya,
3160,sd,
3161,sdah,
3162,search,
3163,seat,
3164,sebel,
3165,sebelah,
3166,sebenernya,
3167,sebentar,
3168,sebutkan,
3169,secepatnya,
3170,sedeng,
3171,sedetik,
3172,sedia,
3173,sediakan,
3174,sedih,
3175,sedihh,
3176,see,
3177,seger,
3178,segi,
3179,segia,
3180,segiacotton,
3181,segiaholland,
3182,segiajasmine,
3183,segiamakmara,
3184,segiempat,
3185,segimana,
3186,seh,
3187,sehari,
3188,sehat,
3189,seing,
3190,seingetq,
3191,sejam,
3192,sejenis,
3193,sekale,
3194,sekolah,
3195,sekolahan,
3196,selagi,
3197,selak,
3198,selamat,
3199,selanjut,
3200,selasa,
3201,selatan,
3202,selesai,
3203,seller,
3204,selly,
3205,semalem,
3206,semangat,
3207,semarag,
3208,semarang,
3209,semedi,
3210,seminggu,
3211,semir,
3212,semoga,
3213,sempatnya,
3214,semperti,
3215,sempit,
3216,semprotan,
3217,semuaa,
3218,senang,
3219,sendal,
3220,sendalnya,
3221,seneng,
3222,seng,
3223,sengaja,
3224,senilai,
3225,senin,
3226,senja,
3227,senjata,
3228,senter,
3229,senya,
3230,sepatu,
3231,sepatuku,
3232,sepatumu,
3233,sepatunya,
3234,sepatunyaa,
3235,seperempat,
3236,seputar,
3237,sequere,
3238,serang,
3239,seratus,
3240,serbaguna,
3241,serbu,
3242,serep,
3243,seri,
3244,serious,
3245,serius,
3246,seriusan,
3247,serpong,
3248,server,
3249,service,
3250,sesuai,
3251,set,
3252,setelan,
3253,setia,
3254,setiabudi,
3255,setu,
3256,seumur,
3257,sgia,
3258,sh,
3259,shalihah,
3260,share,
3261,sharp,
3262,shawl,
3263,shay,
3264,she,
3265,ship,
3266,shipment,
3267,shipping,
3268,shirt,
3269,shirtnya,
3270,shit,
3271,shock,
3272,shocking,
3273,shoope,
3274,shoot,
3275,shop,
3276,shopee,
3277,shoppe,
3278,shoppee,
3279,shopping,
3280,shubuh,
3281,shus,
3282,si,
3283,sia,
3284,sialan,
3285,siang,
3286,siapnya,
3287,sibuk,
3288,sibuknya,
3289,sicepat,
3290,sido,
3291,sidoarjo,
3292,sidoarjo/surabaya,
3293,siera,
3294,sierra,
3295,signal,
3296,signore,
3297,sih,
3298,sihh,
3299,siisst,
3300,sikat,
3301,silahkan,
3302,silakan,
3303,silaturahmi,
3304,silaunya,
3305,silk,
3306,silver,
3307,simenit,
3308,simpen,
3309,simple,
3310,sing,
3311,singgah,
3312,sinyal,
3313,sipp,
3314,sisa,
3315,sisain,
3316,siscanku,
3317,sise,
3318,sisihin,
3319,sisihkan,
3320,siss,
3321,sisst,
3322,sissy,
3323,sist,
3324,sista,
3325,sistaa,
3326,sistah,
3327,sister,
3328,sistervanillahijab,
3329,sistt,
3330,sisy,
3331,site,
3332,situ,
3333,sixe,
3334,siy,
3335,siyy,
3336,size,
3337,sizeao,
3338,sizenchart,
3339,sizenya,
3340,skg,
3341,skii,
3342,skirt,
3343,skr,
3344,skrang,
3345,skrg,
3346,skrng,
3347,sky,
3348,slain,
3349,slalu,
3350,slalucom,
3351,sletingnya,
3352,slim,
3353,slip,
3354,slow,
3355,slup,
3356,sluvanya,
3357,sm,
3358,sma,
3359,smg,
3360,smga,
3361,smoga,
3362,smp,
3363,smpai,
3364,smpat,
3365,smpe,
3366,smpenya,
3367,smpet,
3368,smrg,
3369,smuanya,
3370,sna,
3371,snaker,
3372,sneakernya,
3373,sneakers,
3374,sneakersnya,
3375,so,
3376,so'al,
3377,soale,
3378,soang,
3379,sobek,
3380,socmed,
3381,sok,
3382,sol,
3383,sold,
3384,soldout,
3385,sole,
3386,solenya,
3387,solid,
3388,solnya,
3389,solo,
3390,solt,
3391,son,
3392,soom,
3393,soon,
3394,soorbu,
3395,sophee,
3396,sopir,
3397,sopo,
3398,sorb,
3399,sore,
3400,soul,
3401,sould,
3402,sowan,
3403,sp,
3404,spam,
3405,spatu,
3406,spatuya,
3407,special,
3408,spesial,
3409,spinner,
3410,spinnernya,
3411,splintercell,
3412,sprei,
3413,sptu,
3414,sptunya,
3415,square,
3416,sragen,
3417,srapan,
3418,srb,
3419,srbu,
3420,srgam,
3421,srgi,
3422,ssk,
3423,sstestimoni,
3424,ssusahh,
3425,stabil,
3426,stabill,
3427,stainlees,
3428,standar,
3429,status,
3430,statusnya,
3431,stay,
3432,stell,
3433,step,
3434,still,
3435,stimewa,
3436,stimimiiwindow,
3437,stimonichiic,
3438,stimonihavana_hijab,
3439,stock,
3440,stocknya,
3441,stok,
3442,stoknya,
3443,stomonisyafirhijab,
3444,stor'y,
3445,store,
3446,storenya,
3447,stsharing,
3448,stuck,
3449,stum,
3450,stylish,
3451,su,
3452,subsidi,
3453,success,
3454,suede,
3455,suka,
3456,sukaak,
3457,sukabumi,
3458,sukak,
3459,sukanya,
3460,sukmajaya,
3461,sukses,
3462,sulawesi,
3463,sulit,
3464,sumatera,
3465,sumatra,
3466,sumbar,
3467,sumut,
3468,sunat,
3469,sunkis,
3470,sunkis/olive,
3471,sunkish,
3472,sunkish/choco,
3473,sunkiss,
3474,sunkist,
3475,sunkiz,
3476,sunkizt,
3477,super,
3478,support,
3479,suprise,
3480,surabaya,
3481,surabaya/gresik,
3482,suru,
3483,susah,
3484,susahh,
3485,susahnya,
3486,sussah,
3487,sut,
3488,swallow,
3489,sweet,
3490,sweety,
3491,swi,
3492,swing,
3493,swingblouse,
3494,swingnya,
3495,swipe,
3496,swkarang,
3497,swordsman,
3498,sya,
3499,syana,
3500,syantiek,
3501,syantiikk,
3502,syantikk,
3503,syantiknyaa,
3504,syar'i,
3505,syari,
3506,syediih,
3507,syeedihh,
3508,sypa,
3509,syuka,
3510,syusah,
3511,sz,
3512,t,
3513,ta,
3514,tag,
3515,tagnya,
3516,tah,
3517,tahan,
3518,taiwan,
3519,tajam,
3520,tajaman,
3521,takis,
3522,taktikal,
3523,takut,
3524,takutnya,
3525,tali,
3526,talinya,
3527,tam,
3528,taman,
3529,tambahan,
3530,tambhan,
3531,tambun,
3532,tan,
3533,tancep,menancap
3534,tanda,
3535,tandanya,
3536,tangan,
3537,tangannya,
3538,tangerang,
3539,tanggal,
3540,tangsel,
3541,tapak,
3542,tapos,
3543,tas,
3544,tasel,
3545,taser,
3546,tasik/ciamis,
3547,tasikmalaya,
3548,tasikmalayaa,
3549,tasnya,
3550,tassel,
3551,taste,
3552,tau,
3553,tauk,
3554,taunya,
3555,tawuran,
3556,tdu,
3557,tea,
3558,teal,
3559,tebal,
3560,tebar,
3561,tebel,
3562,tebelnya,
3563,tebet,
3564,technique,
3565,tega,
3566,tegal,
3567,tekad,
3568,teknojek,
3569,teko,
3570,telepon,
3571,telolet,
3572,tema,
3573,teman,
3574,tembak,
3575,tembem,
3576,temennya,
3577,tempel,
3578,tenaga,
3579,tengkyu,
3580,tenkyu,
3581,tep,
3582,ter,
3583,terang,
3584,terbaik,
3585,terbalik,
3586,terbaru,
3587,terbatas,
3588,terdaftar,
3589,terdekat,
3590,terdepan,
3591,tergantung,
3592,terhitung,
3593,terima,
3594,terimakasi,
3595,terimakasih,
3596,terinspirasi,
3597,terjangkau,
3598,terkabul,
3599,terkdang,
3600,terkenal,
3601,terkendala,
3602,terkhusus,
3603,terkurangi,
3604,terlambat,
3605,terlanjur,
3606,ternyatq,
3607,teroris,
3608,terpenting,
3609,terpercaya,
3610,terpisah,
3611,tersedia,
3612,terserah,
3613,tersisa,
3614,tertarik,
3615,tertawa,
3616,tertera,
3617,tertusuk,
3618,terusan,
3619,terwujud,
3620,tes,
3621,test,
3622,testimoni,
3623,testnya,
3624,teteh,
3625,tetep,
3626,tetiba,
3627,teu,
3628,tevemm,
3629,tf,
3630,thang,
3631,thanka,
3632,thankd,
3633,thanku,
3634,thankyou,
3635,thankyouu,
3636,thannya,
3637,the,
3638,then,
3639,thiramisu,
3640,this,
3641,thnks,
3642,thunderball,
3643,tifanya,
3644,tiffanya,
3645,tihel,
3646,tiket,
3647,tim,
3648,time,
3649,timur,
3650,tinggal,
3651,tipe,
3652,tipis,
3653,tips,
3654,tiramishu,
3655,tiramissu,
3656,tiramisu,
3657,tiramitsu,
3658,titanium,
3659,titip,
3660,titipan,
3661,titipnya,
3662,tjakeup,
3663,tkt,
3664,tku,
3665,tkut,
3666,tlong,
3667,tmpat,
3668,tnggu,
3669,tnpa,
3670,tnya,
3671,tnyt,
3672,to,
3673,tobaat,
3674,today,
3675,toko,
3676,tokonya,
3677,tokopedia,
3678,tokyo,
3679,tolong,
3680,tonic,
3681,too,
3682,top,
3683,tosca,
3684,toscw,
3685,toska,
3686,total,
3687,totalan,
3688,totally,
3689,tote,
3690,totebag,
3691,totebage,
3692,tour,
3693,tower,
3694,toys,
3695,traffic,
3696,trakhire,
3697,transaksi,
3698,transfer,
3699,transfernya,
3700,trbaru,
3701,trendable,
3702,trf,
3703,trf'n,
3704,trimakasih,
3705,trimester,
3706,trimksh,
3707,trimss,
3708,tris,
3709,trjangkau,
3710,trlalu,
3711,trmkasih,
3712,trnyta,
3713,trtera,
3714,true,
3715,truss,
3716,trusted,
3717,truz,
3718,tt,
3719,tteh,
3720,tth,
3721,ttip,
3722,tu,
3723,tua,
3724,tuaa,
3725,tujuan,
3726,tuker,
3727,tukeran,
3728,tukokno,
3729,tuku,
3730,tukulah,
3731,tulang,
3732,tulisan,
3733,tulisannya,
3734,tulisanya,
3735,tumbaas,
3736,tumbas,
3737,tumbaskee,
3738,tumben,
3739,tune,
3740,tunggu,
3741,tungguin,
3742,tungguu,
3743,tunik,
3744,turkey,
3745,turn,
3746,turqoanya,
3747,turqoaz,
3748,turqois,
3749,turqouz,
3750,turquaz,
3751,turquis,
3752,turquiz,
3753,turun,
3754,tutorial,
3755,tutorialnya,
3756,tutup,
3757,tuw,
3758,txs,
3759,type,
3760,typo,
3761,tyt,
3762,u,
3763,u010dvbb,
3764,u0178,
3765,u01c,
3766,u200d,
3767,u2019,
3768,u25a1,
3769,u261d,
3770,u2639,
3771,u263a,
3772,u2640,
3773,u2665,
3774,u267b,
3775,u26a1,
3776,u270c,
3777,u270d,
3778,u2764,
3779,u5a1,
3780,u63a,
3781,u665,
3782,u764,
3783,u764ku,
3784,ua,
3785,uang,
3786,uangnya,
3787,ub05,
3788,uch,
3789,ucul,
3790,ucull,
3791,udaah,
3792,udha,
3793,ufe0f,
3794,uff1f,
3795,uga,
3796,ugha,
3797,uhh,
3798,ujung,
3799,ujungnya,
3800,uk,
3801,ukht,
3802,ukhti,
3803,uknya,
3804,ukrn,
3805,ukuran,
3806,ukurannya,
3807,ulang,
3808,ulangan,
3809,ulangin,
3810,ulasan,
3811,umur,
3812,unboxing,
3813,unch,
3814,under,
3815,unge,
3816,ungu,
3817,ungunya,
3818,unik,
3819,unnch,
3820,uno,
3821,until,
3822,untung,
3823,unyuu,lucu
3824,uobg,
3825,up,
3826,update,
3827,upload,
3828,uploadnya,
3829,urangna,
3830,urus,
3831,usaha,
3832,usb,
3833,user,
3834,usum,
3835,utapes,
3836,utara,
3837,uwes,
3838,uwey,
3839,uya,
3840,v,
3841,va,
3842,valentino,
3843,valid,
3844,vanderism,
3845,vanila,
3846,vanilla,
3847,vanillahijab,
3848,vanillanya,
3849,vanillasupport,
3850,vans,
3851,vape,
3852,varian,
3853,veil,
3854,velvet,
3855,ventura,
3856,verapa,
3857,versi,
3858,very,
3859,verywellcome,
3860,vfxxcgcbvxtfxvvcxfxxvxxttrv,
3861,via,
3862,video,
3863,vintage,
3864,visit,
3865,vivy,
3866,voal,
3867,volt,
3868,voltage,
3869,voucher,
3870,vrp,
3871,vua,
3872,w,
3873,wa,
3874,waah,
3875,wacthdog,
3876,wadohh,
3877,wae,
3878,waelah,
3879,waena,
3880,wahh,
3881,wahy,
3882,waini,
3883,wait,
3884,waiting,
3885,waitt,
3886,wajar,
3887,wajib,
3888,walletnya,
3889,wangun,
3890,wanjir,
3891,want,
3892,wanya,
3893,wardah,
3894,warmanya,
3895,warna,
3896,warnaa,
3897,warnain,
3898,warnane,
3899,warnanya,
3900,warnnya,
3901,wassalam,
3902,watch,
3903,watching,
3904,waterproof,
3905,waw,
3906,way,
3907,we,
3908,web,
3909,webnya,
3910,website,
3911,websiteasih,
3912,websitenya,
3913,weekend,
3914,were,
3915,wes,
3916,wev,
3917,what,
3918,whatsapp,
3919,when,
3920,where,
3921,white,
3922,wi,
3923,wib,
3924,widih,
3925,wifi,
3926,wifu,
3927,wil,
3928,wilayah,
3929,will,
3930,wilujeng,
3931,win,
3932,winter,
3933,wis,
3934,wish,
3935,wisudes,
3936,wka,
3937,wkakak,
3938,wkkw,
3939,wkkwkw,
3940,wkw,
3941,wkwa,
3942,wkwkw,
3943,woke,
3944,wonten,
3945,word,
3946,wortel,
3947,wow,
3948,woyy,
3949,wq,
3950,wqwq,
3951,wrn,
3952,wrna,
3953,wrnanya,
3954,wudhu,
3955,wuih,
3956,wuruk,
3957,wuu,
3958,x,
3959,x6,
3960,xae,
3961,xantik,
3962,xb,
3963,xbf,
3964,xd,
3965,xe7c,
3966,xe7cv,
3967,xf0,
3968,xinya,
3969,xl,
3970,xl/l,
3971,xlnya,
3972,xs,
3973,xxl,
3974,ya,
3975,ya/cek,
3976,yaa,
3977,yaah,
3978,yaak,
3979,yaallah,
3980,yaampun,
3981,yaelah,
3982,yag,
3983,yah,
3984,yahh,
3985,yak,
3986,yakk,
3987,yamg,
3988,yampun,
3989,yana,
3990,yanh,
3991,yaoloh,
3992,yar,
3993,yasmine,
3994,ye,
3995,yeaa,
3996,yeay,
3997,yeayy,
3998,yes,
3999,yeuh,
4000,yey,
4001,yh,
4002,yogya,
4003,yogyakarta,
4004,yoi,
4005,yok,
4006,yook,
4007,yoopo,
4008,you,
4009,your,
4010,youtube,
4011,youu,
4012,yoyo,
4013,yu,
4014,yuhu,
4015,yuhuu,
4016,yukk,
4017,yukkss,
4018,yuks,
4019,yukss,
4020,yulianti,
4021,yuu,
4022,yuuk,
4023,yuukk,
4024,ywhh,
4025,yy,
4026,z,
4027,zaid,
4028,zara,
4029,zella,
4030,zong,
4031,zoom,
